ImageInstanceUID,width,height
d8ba599611e5,2836,2336
29b23a11d1e4,4256,3488
47d014f9055a,2992,2991
8125a7add80b,4256,3488
32a47637d8f2,4240,3480
8174f49500a5,2846,2330
7c40e04c6163,2880,2540
b050bdb4721f,2802,2801
d351eafe4a11,2872,2416
13db06153828,3056,2544
d51cadde8626,4256,3488
d54f6204b044,2846,2330
96a95d271b79,2808,2874
9e43d7b5ad9c,2802,2801
47e83ede80c1,2832,2320
85ffddb247ad,2779,2284
6a93346150a4,2880,2540
5b687c54d3fd,4256,3488
f7edf5c476c4,3056,2544
2c1ac45ef21f,1717,1315
89fd7f185d77,4248,3480
7dbfb4abc250,3056,2544
ba170bfd0cdc,3408,2800
0b2abfe747bd,2802,2801
4cbc17936e7d,3056,2544
be917938214c,3060,2548
d1744cad68c1,4248,3480
d4131bd4e64a,3056,2544
6e1f00bb51ef,2498,2801
66c5884489fb,2832,2320
9178cdb575d7,4256,3488
588b5f226959,3032,3032
582c442e440b,3056,2544
65c7e68b4942,2836,2336
c46f18ec8e71,3050,2539
2b3e7de602cc,4248,3480
6d496f79fe93,4248,3480
f3cda1e9b492,4240,3480
75c7112673de,4256,3488
b23893fe008e,2846,2330
62871c920ed8,2711,2336
f051f146f514,3052,3052
ff339bf108b4,3407,2800
8f6792bb8de4,3050,2539
08f493a7fb3f,2992,2929
9435525bf9f8,2819,2786
367cc5278161,3056,2544
008ca392cff3,4240,3480
59eff22a4a77,2836,2336
636140b67fd6,4240,3480
a7fd8a671824,4256,3488
12d868a3602e,4248,3480
bd332c501671,2836,2336
e00f9fe0cce5,2828,2320
73a4fda5dd09,3052,2548
60b2b1f5f130,3060,2548
3473624859f0,4256,3488
7f9c98b88aec,2836,2336
6a80fbffe6d9,4256,3488
9daead7ab0b8,2840,2874
0aab55177927,3052,3020
8b55ea197c78,4248,3480
99aa461b2afd,2788,2520
91f8706309e6,3032,2520
d21e8bad3d82,4256,3488
e9a97d1b9a12,3050,2539
efe43aeaa2ee,4248,3480
c3ac3699957d,1387,1140
3019399c31f4,3052,3052
e3518a18a152,3056,2544
f18545f9db39,2836,2336
8847e934d44f,3032,2436
6e0cd6042c9e,2880,2540
a1a1617c0671,2836,2336
887f2a3f5441,1387,1140
11c908b4554b,4248,3480
b1df6b4bfd97,4248,3480
3859c4430778,2840,2874
99bbc821132d,3052,3052
492f66bdea34,2836,2336
66b1f8f4b3cf,1387,1140
b43de320e7d9,3056,2544
f5c8f9719f56,4248,3480
014a736182d3,4256,3488
de95298084e1,2836,2336
e68db35ddaf4,2846,2330
0102b5cac730,3056,2544
5bbe2da53f46,2992,2991
3d34f6d50ed6,3056,2544
c6d076bc56a4,2992,2801
13f2231e9d4b,2446,2010
d8e89f7d9d4c,2832,2320
33c92b6bf73a,2832,2320
75aed394a4e4,2012,2012
f658eafd6b22,2149,2022
b475067fe7a9,4240,3480
1c71a9226bbe,4248,3480
b36981909f0f,3408,2800
02c054cac191,4240,3480
26961b11cd95,4256,3488
383bcd1c7a6e,4240,3480
1444611cf962,2798,2801
b7f123e4992f,3480,4240
5a343fdced42,2832,2320
b3ffe59e37c7,3056,2544
103d0b0c7095,2236,2146
1b369b36f933,2810,2801
000c3a3f293f,2832,2320
11fba2355a5f,4240,3480
77118f891024,4256,3488
6c29f6e817a2,3488,3488
826bb532c3dc,4240,3480
814bfd9a5e34,2596,2336
43ef8c8a927f,2802,2801
00b0891276a3,3048,2536
e7769e0ae31e,4248,3480
6e50d72d9cca,2140,1760
8781cca298b5,2802,2801
721efb1d26f9,2832,2320
5d395fff6278,2836,2336
4dd9a462b193,1387,1140
68fcf433c6fe,2872,2416
9ae2cde33d08,4240,3480
3ea3a128a4be,2836,2336
895ee33c70a1,2832,2320
7a27260fe703,4240,3480
badd3bbd0552,3020,3052
a951ab295c6e,4240,3480
a84b6afbf1f0,2820,2336
ad22bba45d10,4256,3488
c3b136c11bc4,4240,3480
cc54237ef4db,2880,2400
c6e4a9162e0c,2012,2012
967e6bc69610,3032,3032
d7dba10f4f14,2992,2991
b70e58bfaa55,4248,3480
230acf0ec94a,2880,2540
cedb3b72e9f1,2693,2338
d2d1058fb70c,4891,4020
b47854f5e717,2832,2320
0919a3b8af01,2872,2416
c5c3110fee67,4256,3488
23a5144c8749,2836,2278
b97828a952ab,2856,2043
061797f81be0,3408,2800
682dc5e0de25,3048,2536
7ab08582b201,4240,3480
bc21df79edc9,4248,3480
ac92f478c77e,3027,2516
8c5ed871aaba,4248,3480
2268ed37b205,2539,3050
e205526f7405,4248,3480
f6bf866f227e,2992,2585
1ae2c3d63f1c,4248,3480
8cbf85033da8,3056,2544
ca6a63a554c7,4256,3488
29a6a36c2d8c,4248,3480
081c8b609ab0,3050,2539
eeef8cafe0b0,4240,3480
959167b5226d,3048,2536
d63b0439fe6b,4256,3488
edfa7e192393,2836,2336
b3b4c3900554,4256,3488
705b277c5f03,4256,3488
cc464aea86d7,2754,2687
2acd4488ecb9,2802,2801
041c956d9bd7,4240,3480
01b3d67779e8,2802,2801
ad57016e19dc,3408,2800
17cbffe655d2,2836,2336
09c6d5c914e2,2930,2800
f37c151bbfbe,2657,2447
951b29c69002,2473,2858
91f214e069e6,3408,2800
72d9c3f33aeb,4256,3488
9909fc28ecfe,3032,2436
75c9fe12ad0f,4248,3480
0b9ba021bb79,4256,3488
4462bf606651,3050,2539
d2ac016a5dca,2836,2336
b4e79f33047e,3144,3117
c6786dd8d5c9,3056,2544
4ebb6fbe0720,3032,2436
e60f62d9a8a5,2554,2068
c0029eae23ca,2836,2336
31ba70406e2f,4891,4020
41b1d441dcde,2798,2801
171561486151,3056,2544
9b1de1c45491,2836,2336
a29648f7c9c0,2140,1760
34422c5a6860,2828,2336
b8f98967f667,3050,2244
e584fc8f38ed,4240,3480
8ae04761045f,4248,3480
70fbcd6dcc53,2836,2336
d80896edf7a7,3032,2520
0811fe666ab0,3408,2800
c75a63bfc10c,3050,2539
816c386cdbb2,4256,3488
b73da4bea501,2446,2010
2f3daae72dc2,2836,2336
f664c8a1ec01,1387,1140
7d1b84ddc4c3,2140,1760
7d5586dcd57d,3050,2539
1419506711be,4240,3480
d613c07a006e,2534,2391
1db458e46996,4256,3488
6970c59656c9,2836,2336
e496735126c2,3048,2536
90812c4dd213,4256,3488
e95084202c1b,2924,3052
2d67d7a11651,2836,2336
dd0c29a10a05,3032,2520
dfc7b258312f,2995,2939
b5aa6189d142,3032,2520
b8b0eda83a15,2836,2336
0edcec25f01f,4240,3480
28e9e044dc31,4240,3480
d60594828264,3001,2991
d74b9368cbe5,2320,2828
01c6d2e4f936,2880,2400
d35d8ed1759c,2703,2776
8128e3db6050,1387,1140
72df8e8bb056,2872,2416
58f67fe862b2,1387,1140
5bfc7dcc9cba,3488,3488
89ef2d725761,3032,3032
36cc02471131,3000,3000
45f0608b7850,3032,3032
5bbc12c5236d,3408,2800
ba375ad92c5f,3408,2736
20399ed905d4,4248,3480
960be5d120af,2832,2320
af2498dbd298,3050,2539
7d27b1bb3987,3032,2520
a323f1604ae2,2846,2330
d7d0138bede7,3079,2776
45396bf8a4d3,2140,1760
a39667fe9a81,2991,2951
3be7ffcec513,2563,2311
2f973757eaa4,3056,2544
49664f078f0e,2991,2951
9a921b34dbc6,2680,2522
a2bee395c8da,2772,2061
fc9d227a2b94,2948,2423
a89fdec5dee1,3000,3000
a3703b3c8ce6,4248,3480
0c1403037838,2836,2336
bda89395eab6,4248,3480
6d2fe511f8b2,3050,2539
361d47f4b4ea,3408,3320
0ef8c0a14990,4248,3480
af87853a19c9,3480,4240
dd2a5a29876f,2828,2336
1e2ab5bceffb,3408,2736
79d7fa3b6e57,2836,2336
28322cd5b3a4,2836,2336
ba3e8e808857,4248,3480
5c1e736c0af9,1885,2022
27c31f4e3bda,2012,1539
8ea57eaf946f,3052,3012
d5f0bdb57205,3048,2536
4dccb4bc9142,2140,1760
aad814e52627,3032,2520
86e2affffb19,4240,3480
c7d100353f74,3408,2704
78148afc0575,3056,2544
9cb77d59b14a,3408,2800
17a60b0ea938,4240,3480
e0e16dc820e6,2836,2336
c8156ae4d6e8,2832,2320
65d1ea45af3f,2832,2320
c94edfdcff7d,3056,2544
6d9134de90e0,2846,2330
82ad2f6b6dd1,2900,3052
c0400d0e413d,3056,2544
41e9a794b342,3056,2544
5f4b00225aaf,2836,2304
feb0c29bda19,3032,2436
52bde750c1e8,3032,2436
4252fa42711c,4248,3480
fa5803549fe5,2836,2336
51d04316f2c9,2838,2662
e0880503aa10,2802,2801
05be0f039257,4248,3480
6a1001b99a50,2846,2330
90cc4d0bee82,3050,2539
19bb8638b7cf,4256,3488
852297c9ca63,2802,2805
f55d58936e04,2836,2336
d3144d61bc30,4256,3488
4f0b6e8557db,2534,2957
a36914ee5d44,4256,3488
d91acd41cafa,3050,2539
79dc218459f6,2544,3056
4726a3f0a035,3050,2539
736238adb87c,2836,2336
5b7339345256,2840,2874
dcd8c561f8f5,3056,2544
145a417465f1,4248,3480
c4e28a18baf9,1665,1766
a44c44fa9847,4248,3480
208bfef6dbb4,3072,2560
e3c5df807bcb,2776,2874
caf8f9b34ef7,3052,3052
4bed2e06f7d8,4891,4020
df0fe96fc60a,4240,3480
f6462d1bf586,3408,2800
f80f9bebe43e,2828,2320
7d70c13f0e0b,4248,3480
d00a82ee79f8,2380,2336
783b1efb5675,3408,2800
559896adc701,3050,2539
0c1ba97ad7c8,2982,2989
722d5b23e31e,3032,2520
e3ab2d72cac2,4240,3480
e31fc5148d42,4891,4020
4aadd235fc9c,3056,2544
6a8ed4525b97,3000,2918
23c2d6fc7a7f,2880,2540
5db180cd24c5,2992,2801
eb476aabf2b0,4240,3480
5aaf506a4d0c,2836,2174
7bec31816053,2838,2662
5c8f79dd7cf6,4240,3480
7a596c4c3888,4248,3480
65b2468a585d,2544,3056
3dc1c735c130,3408,2800
42c79b2cde7f,2012,2022
fb5d173c4c47,3048,2536
b2d8fe7955e2,3408,2498
d7bfa952bccd,4020,4891
61ca700c2908,4240,3480
d1547120e12a,3408,2800
31cc2efa4440,4256,3488
6d47700cf105,2586,2251
ae02ee030e68,4240,3480
89bc34f78d96,2832,2320
fd46baeed64d,2953,2298
b0294a5bd0d4,3056,2544
eb13bcf19cff,2836,2336
6813965b522a,2836,2336
56d2c0ca14f8,3032,2436
fde3cfe9c056,2880,2540
f3ce7a4cfd20,2846,2330
564cfd4e8fab,2880,2540
3d8da6e1d529,4240,3480
2eea8324e7c9,2880,2540
b13582b26a48,4256,3488
3e63eefbf3d6,3480,4240
09edc6b22778,2880,2400
0f75cc926071,4280,3520
59385cbc5780,2620,2744
d787c9bd4fa8,4240,3480
ea61cc6a35c5,2757,2704
5bad56698f31,2140,1760
b14aa9495194,2836,2336
558cf3abe42d,3056,2544
66dabc6f972d,4240,3480
f7a487473bd8,4256,3488
351408fde323,2836,2336
8a80cfa63a23,4248,3480
477cf68a3140,3050,2539
700fab8a4486,1387,1140
6d2ae3ccd741,2992,2989
8df453b7557c,2880,2540
4fd7260073e2,3052,3052
c96a6b9bba47,1387,1140
517d390f87c2,2846,2330
807656417522,4240,3480
f78ae37a7cbf,4248,3480
55c9ffe72cc5,3072,2560
525b5548d3f3,2836,2336
705eea360dd8,4240,3480
370d879b8325,3031,2645
4118f9b2265d,3056,2544
d49812750c70,4248,3480
07ce8310154d,4248,3480
0e0892456b39,3048,2536
255cee313786,2836,2336
fbb36b796d78,1840,2032
e5fc2fa92e65,3027,2516
08dc9d73dc6e,3480,4240
43886e889b39,2880,2400
d6ab7b6fd285,4240,3480
b1cc44d4ce86,2990,2801
39429f784da2,4240,3480
2e843c5e5ab4,3032,2436
996f6025fc65,2832,2320
b3238380acef,4891,4020
1df3e98f79be,3028,2331
312566b9d20b,2544,3056
f9ca8e646819,3072,2560
4d4ea8834362,3050,2539
47660080f1bc,2446,2010
19e2b773fd8e,3050,2539
8ec412c03bbb,4256,3488
46e8e5b9ac76,2836,2336
b76e6895fdd6,2980,2916
85752d3c99e3,2846,2330
146113cf4eec,3050,2539
72b3a9d784f7,4240,3480
a98318b68937,3032,2436
e7e072c73e1d,3521,3137
5dc6cae78c63,4240,3480
19ef72ca62b8,3007,2292
0ae132603ba7,3056,2544
ed9855c3cf17,4248,3480
3cde0ddf01c7,3032,2520
fe9d1086b64d,3032,3032
9ff1a3671dca,3056,2544
57b2146108dd,4240,3480
2a4cc75d97c1,2832,2320
cf0cdff4ef2e,3521,3137
d014ad56b323,3408,2800
87adda1908f9,2606,2418
4c795028272e,2520,3032
1e480c241382,4256,3488
c0ee6a0f2866,2836,2336
ce38c6e5595f,2446,2010
2b77161dd937,4891,4020
11df831cbf94,4248,3480
c9cbab24db6c,2836,2336
5ab1ec037d9b,2846,2330
d3885c0f58bb,3032,2520
433640e6ea5e,2140,1760
7be323e5f816,2836,2336
76e7878d290d,4240,3480
4222f6adbc07,2836,2336
697eaa2d79b5,3032,2520
95e2769d4d84,3368,3071
d9836a416645,2633,2453
34e9cf30e433,2802,2801
fe41376fa23f,2648,2486
f65a89690c7f,2832,2320
c3d01e67c3fd,2832,2320
40cef701a0c7,2140,1760
cdaa750da0ce,3056,2544
3f33c8d988eb,2840,2874
2881f8699879,3056,2544
7382990f8d70,2404,2381
e007bc90c441,3048,2536
599f1be4d84a,2798,2801
555db1c9e816,4240,3480
a7e5d6de0277,3032,2436
b6f989cfd190,4248,3480
57675376af04,4248,3480
c7e30d6294b7,2551,2510
70e8d5a5a9c2,3006,3006
e4e05d181762,4240,3480
ce791c49771d,4240,3480
605e2fde958f,3032,2520
985d4c05cfaa,4256,3488
80ba3cec802d,2992,2801
12384ae3a66c,3056,2544
67abaa5570f0,2012,2012
e0d7c56c8ffb,2832,2320
228083cd85ef,4248,3480
518ddd59e1b1,2748,2158
c59ab706e4eb,4248,3480
be8e7e925b95,4256,3488
6f90c979c527,3056,2544
cd3069af4dbf,2836,2336
8c2bed5e6c87,2836,2336
9eae69715819,4256,3488
0452c373f62b,3032,2520
6ae5b0d0b1e3,2446,2010
831b4f061daa,3050,2539
3e916851115e,3028,3052
26371e3cbab2,3056,2544
8ddef4d6b60e,2782,2330
9b69deb4f9f5,4256,3488
46bf2b62ad40,2872,2416
eb547e6f6380,2802,2991
42a5b52fe13e,3408,2800
fab0ab9d7d17,2660,2180
db5195cb50c4,2846,2330
cdd9062fb558,2800,2874
ebaf0b87f30b,4240,3480
136706e3576c,1739,1624
a535619f97fc,3056,2544
db05dcc42d75,3056,2544
5c8f5e53c8e8,2832,2320
de2b4341f585,2836,2320
f45b99a2e9bb,4248,3480
114f7ffd769b,2880,2400
b77e1333a2b3,3056,2544
9f15d03a8090,4240,3480
916b23b7b444,2725,2351
1679d20fa0bc,4248,3480
286d9132f875,2825,2516
81eb2ea84b8a,2836,2336
b9485f42b2be,2880,2540
4d8739e124ae,4248,3480
00fb65888ddf,4256,3488
757ef6d4f79d,2880,2540
e407061c0811,3032,2520
c544394abc5b,3001,3001
42e7ecc6fdb0,2832,2320
fe330230f196,2832,2320
c8f108eed552,3048,2536
fbbd69e1d82a,2788,2336
3c8d9df532be,4891,4020
a997a9c0f53d,1387,1140
c99a7577bab8,1387,1140
425dff2ff13a,2880,2540
538a679fde63,2837,3005
010433f32857,4256,3488
34a0ef23101b,2846,2330
1c1069c57757,2814,2661
4f1d49fe071e,2836,2336
c50e0646d520,2832,2320
920d7ef35702,2431,2010
3615df9cfc90,2836,2336
8251f9806fb0,2784,2309
bdd3115879aa,2814,2661
407bc7059973,2428,2428
111db05241ac,3215,2770
588ffbef2de4,4256,3488
0e2691505e53,3408,2800
e93409a79fed,2720,2658
b7f8f012a3c4,4248,3480
3fbb832d4c87,4240,3480
c59a5aaf618a,2836,2336
eeee42a62e29,3032,2520
cfdedbaaaee1,3050,2539
01e2538deeb0,3056,3198
d7db812249f2,2140,1760
010214f9b600,3050,2539
6c3ba0593a7f,4256,3488
629c9a257b43,2706,2507
bcac9a883c18,4240,3480
af718ae2118f,4240,3480
b15f9aba72df,2836,2336
032f2ab06cad,3060,2548
a6fae815f05c,3032,3032
90a509d16478,2247,1855
7a2cf7f59bf2,3408,2800
48e1fae4be03,3056,3198
600343c20434,2992,2991
0a5f36296cb0,2832,2320
851933322ae3,4256,3488
72fea14661d6,2836,2336
3b61bb40b6e6,2840,2874
826809ca9b77,3408,3320
8fa48096e899,3032,3032
273722673feb,3032,2436
42833e3ae880,2802,2801
bb9d393dac2a,4248,3480
d0cd2a804d30,2709,2292
b787026584e5,3050,2539
8b8af1943344,4256,3488
a8013eaf16c1,4240,3480
7b979a04f903,2836,2902
1341faa82b28,2832,2320
c2da0b11f38c,1387,1140
4e8f69e4ffa4,3056,2544
510130dcc27b,3153,2800
743bc62aeec7,2880,2540
5cc8517b8a2e,2992,2991
12b7dd8452de,3032,2520
746412688bc8,1387,1140
33889ee019d8,2539,3050
6518bc37bfd4,2802,2801
a2c9c721234d,2832,2320
075e8abf2787,4240,3480
07cd26298a41,4248,3480
1ffe706d3d5f,2836,2336
75d3e8c3ba44,3056,2544
8e34d5a81ed5,4248,3480
0a0cbc610620,4240,3480
575135cef005,3032,2520
63055d008dc5,2832,2320
60d69018d5d9,3032,2436
d757723d3d08,3408,2800
e056355bc1d6,4280,3520
f3b38af3f836,3032,2520
19c6397cdec9,3153,2800
eb32f1993410,1711,1833
c349e6255ad0,2840,2874
7438bacffa46,3056,2544
88e7702b49c4,3027,2227
ba9f623ebe24,4248,3480
a226584b9b79,2998,2825
1bc78cb7940f,3032,2436
d56ae2c39ca7,3056,2544
f72847c072e2,4240,3480
e17affefd696,2802,2801
5a8cc48014b0,3056,2544
972de759ed96,4240,3480
a465d6d95cea,2872,2416
06cda92a097d,4256,3488
15b5985239ef,3408,2800
d1a19bb60b86,3050,2539
1338eda32f9b,2798,2801
f9dc0aa39223,4248,3480
b00dd3cc3d28,4240,3480
fdd63e69cc58,3050,2539
636a0393e9cb,3008,3072
cc708f2aaffe,3056,2544
137a87bd3167,4248,3480
4b78153f9d46,4248,3480
347de7200418,3032,3032
a5483e0618a0,3032,3032
0e26ead8f1e3,2836,2336
22bcd97abb8f,2428,2132
bdba412f52c0,4256,3488
3a1ffb337517,4256,3488
a6a58e69de4d,2802,2801
0726c56e706d,2832,2320
370dfa7600d1,4240,3480
24d19850993e,3408,3320
1e71e818fe22,2545,2874
6ecd31b63948,3032,2436
81cd26817de5,3050,2539
8234d09049b4,2553,1856
b89ad152da0f,1387,1140
9811c7e34bb1,3032,2520
47c8a5b7ae3e,2836,2336
462a64ef01e3,2377,2377
fe48a35656bd,2846,2298
33cf2c834c40,2836,2336
5b8bdee6eb31,3032,2436
4e647a32aae9,4256,3488
3d12cb6aad8b,2022,2022
d6a56e79a52d,2828,2320
dfb5a0d35d11,3032,3032
ff0743bee789,2446,2010
9c24e37a0ef5,2012,2012
ec0b8be00731,3408,3320
d93f9cc993b5,2880,2540
35668e854c9b,2287,2271
62cce89dbca8,2802,2801
655c08079be0,2431,2010
8ceb3de931e3,2836,1995
f30c28a6a8a7,2836,2336
949b1f4cb6fa,3050,2539
41a7ff73aade,2836,2336
18debd568fd4,2802,2801
c25fdb0d8cc8,4240,3480
576bb6054ad3,2836,2336
3606c8d8ee4b,3056,2544
186681f1cb60,2992,2801
d002491b818b,2846,2170
45572172c88f,3032,2436
2a7bfd5ed6a7,3050,2539
1edbe4714f77,3056,3198
ce4ebf7d1a0c,4240,3480
dcab5588736e,3050,2402
227871aa5e4e,2954,2462
a6c10c2ecfda,2836,2336
db0ae0387f05,4256,3488
b9d1d8e17e50,2872,2416
44068b46afcd,3050,2539
792439879a2d,4256,3488
e3f8e3a3baa3,2836,2336
c6382003a589,2705,2213
daa6b0143835,2836,2336
8b8c02c85740,2544,3056
64d4b73ba370,2880,2540
7f24746a7a53,2660,2180
99c94e6bfcb3,2140,1760
66beec6db90c,2836,2336
6ee800f17ea5,2832,2320
041089ce263a,2836,2336
8a42e4e9d811,3488,3488
e9c200e6ae54,3000,3000
6a9d97bd8458,2828,2320
8059171b9129,2140,1760
3e4e741a8e3b,2485,2330
f7db21dea977,2802,2801
bba85cec6d26,3032,2520
8951eac18958,4248,3480
8f2960c590a4,3048,2536
035750d2cc67,3408,2800
4db2c7e03281,2832,2320
9e844dea386a,3050,2539
94eaa990b86e,2951,2961
815328f2379c,3052,2876
afb37f29165d,3006,3006
fa1a1dd477c2,3408,2800
5b5ab3fbd775,3028,3012
b14a867bff7b,4891,4020
4e1ed0596509,2836,2336
c6ab0406e7fb,3006,3006
1afce84b22ba,2430,2353
88e59bd72db6,3048,2536
94227dbdda42,2539,2942
674e9bd35d12,2872,2416
af058aa1db93,2836,2336
323d82ec4774,4240,3480
42c88918c2b1,2872,2416
ebe8a296c70d,4248,3480
e16764219a99,2827,2414
ad9edd906ff5,2836,2336
7b19472cc226,4248,3480
88d670980f81,2539,3050
948be419f05a,2646,2692
fd7ddd30d8dc,4891,4020
2d156fcdc54e,2992,2991
b6b631939d4f,3012,3052
c64bdc02f633,3032,3032
99a3c361f538,2836,2336
7cc4fe4fc67c,3020,3052
cadc1d0ace63,2012,2012
cdf2deb57f28,4256,3488
b108d323bcdc,2880,2540
9ab6a0902d00,3056,2544
b759b01b32fb,4256,3488
ea743e2eccf9,2979,2977
03f4cfb9345d,2977,2605
4cd88e837b59,2978,2938
6b16b46afc9f,4240,3480
2a0e69dfaa72,2832,2320
a7d0372ba917,4256,3488
16c9f1b33188,3032,2520
d72eee691860,4240,3480
4fbc954682e8,3056,2544
02366ec75168,2836,2336
f7037ff7c8b6,4256,3488
65c9e7d450e1,4240,3480
984e7d7d2787,4248,3480
71fee2b7ff69,3056,2544
b2862f8d1141,2832,2320
3a2f3146abe5,2991,2460
452e51b02c5a,3028,3052
01d83be76fbb,2986,2974
bf2417586cf2,3032,2520
f6d193531784,2936,2560
90eb642199b1,2022,2017
41bbf4072fe2,3050,2539
5807a187f396,4256,3488
95b239a10358,3032,2520
c9e5cb5ff695,2690,2290
b1c963b7c90a,2832,2320
fac01332e5f1,3488,3488
8b3da4f55cf0,3408,2800
c8ab098d23e0,3032,3032
001bd15d1891,3408,2800
e885aaec6e66,2832,2320
3f2743e23640,4248,3480
fc85d36ca465,4248,3480
fc863d9c4dc9,3408,2800
bbda11a8a365,2840,2866
c1d0431083fe,2816,2874
be68a3d6754d,3004,3012
263c477e8df6,4256,3488
d9bea6b28f9f,3408,2800
1aa5a0693b46,4248,3480
0c5283a41d9d,4248,3480
9f4e54eea5fe,1387,1140
da40edc06e4b,2802,2801
9f50edab452b,3408,2800
ee5b25fc720b,3235,2833
2a7181500a00,4256,3488
04f41a8958f7,3408,2490
2ffa902abb0c,4240,3480
e421afcab6f3,2832,2320
681914e0f60d,4248,3480
3f430ed95449,2496,2493
9b5846c01320,2249,2460
d9ed5faef270,4248,3480
f14c6029494a,2836,2336
ccccb7875b12,4248,3480
0ca52a9afa55,3032,2436
3818ea7d26b2,2846,2330
7e53a1e1f1be,4248,3480
badef4fafd45,2840,2874
75b19c70bbb4,4248,3480
7d8d55a80737,4240,3480
4c2e803d1015,3056,2544
646a6a0a9bf2,2917,2518
b98508598396,2832,2320
bf01283c2121,3052,2996
1f3aaf44de73,2140,1760
a2429a60f3ea,3133,2598
4cc42e634f49,1387,1140
ae236afd149b,2836,2336
16d85c7f7837,2561,2834
f7d09631e6dd,4240,3480
c6242c90cf2d,2846,2849
ad4e1c8350fb,3408,2800
a3d4029a671d,3133,2598
6564f55c1619,4240,3480
7e12aea6d397,2992,2991
a9704ce54780,2880,2540
59ea99e048aa,4240,3480
cf4c8fbc1f43,4240,3480
cabdf7ef7881,3000,2684
5a0ad476493b,2832,2320
c4b3482b0125,3056,2544
d3342a7c5454,4240,3480
851cf518efcc,2836,2336
e20ad06f6647,3032,2436
689e6d59255a,3052,3052
7c8c667f1510,4891,4020
7df10a4bb400,4256,3488
58a3240989aa,3032,2520
451181a24ccd,3408,2800
b4a77c2d03ce,3032,2520
b8b91a4f017a,4240,3480
9c0dd840479b,4256,3488
1dbd5e668d10,3056,2544
63fc59c183ee,3032,2520
d41ceaca90bc,2846,2330
cfc4fbf71766,3224,2487
9b4fdd3a6c98,2404,3052
1405cb173ab4,3012,3052
e1a5487d715c,2806,2334
ecd76b56b4c1,3050,2539
91b8ef5459fe,2140,1760
1b3dcbce0fa2,3480,4240
10e01acbb266,2848,2600
22d2fa33d2d1,2808,2818
39d186c9ff9c,2416,2901
3363bc54be86,2179,2095
a27cc5f99a18,2836,2336
fe52ee3b2a82,3032,2436
5dbf1f9ba0e9,3050,2539
46ac37aa5f34,4248,3480
f043bf82ee4e,2804,2336
6d80c35b8d4e,2836,2336
a16b4c54153c,4256,3488
374fe1b05022,2836,2336
e1c597bee679,2798,2801
6f70ea7aefe7,2872,2416
e352bb2b1afb,3056,2544
b642a2bf55d8,1228,1115
f780ade19383,3032,2520
8a108ed6eb35,3656,3114
a82bf3cc9727,3056,2544
c9f8fff624b9,2880,2400
a6271199f75f,2992,2991
243d91316626,4240,3480
f99c5ab805e5,4280,3520
5ce90616364e,3056,2544
30124d722883,3135,2870
a18eeacf287a,2846,2330
d644b6f2cbfa,4240,3480
1ed39b073256,3000,3000
e1f510dd50d5,2320,2828
fa9e53baa145,4256,3488
1968bef09ad3,2832,2320
49cbc9c84fac,2846,2330
4f7cb2b6dacc,4240,3480
9cf785a113a5,2760,2694
e704aebd4ca5,3032,2436
3b61e209092b,2836,2336
d55d4bf95360,2992,2991
32663bd94fbf,2917,2518
ab2ce44e1d5b,1387,1140
5ca05c257a11,2880,2400
d29fc13b0a11,4240,3480
dd24bff49c63,4248,3480
233c7f24c43e,3048,2536
9dcd0faf95bd,4248,3480
0286138dab9b,2428,2234
2ad6ea7e7941,2836,2336
b866020311f0,4240,3480
166735bbb8a8,2802,2801
241b3c090e2c,4240,3480
aa692e36993f,1387,1140
7148e124d7dd,3048,2536
ab55abb953d1,3056,2544
e3526d8978b6,3408,2800
0cf130895909,4240,3480
eb26cddff06a,2428,2428
899f219fd79b,2529,2233
926c8e7cd1cd,2914,2800
97202fd6e3b1,4240,3480
587ac363ab4a,2690,2667
32385ecafe4c,2828,2320
47ca26648618,4248,3480
96ef77785c24,4248,3480
6253b6f46b2b,2846,2330
7e12513a42fa,2836,2336
b388d75427fb,2846,2330
4de95edca8bb,2802,2801
acd6abf84731,2836,2336
949c554213c4,4240,3480
aeba4885d18a,2832,2320
c5b4731a60bb,2840,2580
1a0e966f2d57,3032,2436
3c04710914cd,2846,2330
2ca6fa018f86,2940,2980
37c3ad608cb3,2992,2991
4b32fd76e163,3408,2800
32bc4b819bf6,2836,2336
33c95dbfe335,3032,2436
9d8ccbfb99b7,2846,2330
9da650d46c0b,4240,3480
ef29cf6d3cb4,3056,2544
a5d628756358,3029,2551
77a9c4147012,3050,2374
b5b50d4ebe96,4256,3488
be055d308ab1,3066,2950
8496c434fa2b,2428,2234
52f97cad2b63,2836,2320
53569366dbaa,4248,3480
3fee3aeb386a,2836,2336
9e987cbededa,4256,3488
6e5946091b8a,2836,2320
08a68d025467,3040,2466
991756246f03,4240,3480
5ce5121a90b4,2996,3052
481cade38eff,3032,3032
5059f9a4a882,2846,2330
b386bcbb0490,4256,3488
1f19db085b1d,2836,2336
f5c79bb7fb7e,4240,3480
0449b62bc0b6,2962,2634
c5a479dcbc36,4248,3480
b8feccc22917,2992,2801
73cc6794cbb8,2320,2828
258fea606884,3032,3032
b4ec9b6e5da6,4256,3488
c77674444141,4248,3480
1fec7efb8da8,2140,1760
fa5f8d9acc5e,2840,2874
b66ed059a224,2950,3000
f7333f1c582f,3408,2800
eef9600e5493,4248,3480
a3be60b6c79c,4256,3488
f9b6bd4593c8,3056,2544
ae11b7367694,4256,3488
c10d11ec6d55,4248,3480
f3db55688feb,3032,2436
22adcdb11ce8,2798,2801
0ca90a4d1e11,3408,2800
957baad1a51c,2836,2336
3bd241da31bc,4248,3480
7e60c4623c33,3006,3006
3224f58b22af,2835,2518
c479ad077c88,2836,2336
40f44cc7ab55,4256,3488
343d445230a1,3408,2487
d2cf63ed558c,4240,3480
8cb5554d94c7,4256,3488
1ea61cb23df6,3060,2500
ba0001dac70b,1387,1140
842c682f409e,4248,3480
c64a4232f6ba,2802,2801
96b766b758fc,2778,2792
4b80ec905ec4,2832,2320
a5e66dc2ba95,4256,3488
aae639baa02e,3032,2520
31981d927091,2992,2801
75b52bec817f,2836,2320
fd4004c1cfea,1387,1140
0fc37fb1363a,2872,2416
63f6f0b040e3,2242,2242
5f6691632bbe,2463,2449
df176d43ac18,3408,2800
124e75eb6622,3032,2520
3b982073ec16,3408,2800
c8df20c984c1,2836,2336
af7a7d33882f,3050,2539
59cb840515f1,3056,2544
0ab7bd949094,2832,2320
4467cda706e7,2836,2336
3e343656f6f4,2832,2320
0c39bc33ac7a,2836,2336
5a9ddd49c44b,2231,2302
d7cd649d9c82,2840,2874
4c24b0e2b7cf,3488,3488
e96133d06736,2753,2954
bdad1644a802,2992,2991
41646d9a3e01,2836,2336
42219d500947,3032,2520
71d2c3956f3c,3032,3032
c35ff2df89be,2836,2336
b47fa03aadf8,4240,3480
5e007ab59e5d,4240,3480
01e4def48338,4248,3480
ef73ebf6e779,3052,3052
83ce6df2cf98,3052,3052
9a06de614828,2836,2336
2b58c5262bf9,2805,2484
f173ce0e8a47,4240,3480
3ea74e4b1d24,2846,2292
1a0a148c030f,3056,2544
d44325899888,3052,3052
514fbba4cb3a,1387,1140
cd4bf20dc13a,3032,3032
645d837f1782,4256,3488
d0f28aad694b,1854,2021
f9a728667d24,2872,2416
5a84eaaa2854,3012,3052
c8e60c5d938d,4256,3488
de540f4137c7,2832,2320
d0be46c2141f,3408,2800
c86ec745fa23,4248,3480
50f29acd37a6,3135,2800
72683b80b687,2846,2330
81b158b2250f,2832,2320
e98f43cd0867,2872,2416
b8a2649926a2,2975,2843
49f010752fd8,2983,2800
8d7102bde380,2880,2540
dd3b16780ce4,4240,3480
d3ba6f068795,4240,3480
800fdabe8dae,2268,2211
5315a92172ef,2846,2330
a9df9aa64b16,4248,3480
132fc5897bff,4240,3480
faf224c840ff,2832,2320
6b7f9efbc371,1387,1140
89b70af76de1,4240,3480
137ebbb39847,2140,1760
7ec6d82fbd45,4256,3488
1d8755ce5242,4240,3480
5c8147b9d1a4,3408,3320
a9fe960e8d9f,2432,2457
111f979c1ba3,2832,2320
f21c0ad4f6c6,3408,2800
54e9b0d1d87a,4240,3480
f7cbb88ba1c2,1387,1140
8e437e0d3f8b,2992,2797
d0ab24d94b3d,3032,2520
83fd4f54a9a4,4256,3488
0f03b4cbbdea,2836,2336
47716ab91efa,3001,2988
70fcced4ab9a,2846,2242
442b8b3c6567,2606,2789
78305d709f4f,4240,3480
c5c6a58554c9,2892,2611
3b7033af4649,3048,2536
a97b888b1010,3056,2544
1b64e9bd2079,2836,2336
69cd165ecf4c,4256,3488
ff322f8e36c4,2802,2801
6adce4fc71b0,2840,2874
77b875487f6c,3408,2721
b1f57cd2ee79,4248,3480
1213420769a4,4256,3488
e313470893d0,3050,2539
7760f20dc671,4248,3480
4479e9dd4f43,4240,3480
73df6b5190c2,2990,2801
de42746833a3,3032,2436
0f453db5fed6,2836,2336
3e701399bf0f,3050,2539
86e1bca26b5f,2798,2801
2bdc5555d9d7,4256,3488
233a9742ef2f,2836,2336
680a0a3ed00c,2840,2874
2152246f31f1,2880,2540
7a733f167e29,2906,2115
a47ccd8c56a8,2836,2336
91dbd1e4d4b8,3050,2539
27c6b4e08f27,2836,2336
8c00b0d57a91,3050,2539
1bd1aa3ea90e,3032,3032
ecbd5addfd43,3408,2800
79b7ba0210bb,2832,2320
8408a0a09a25,2140,1760
2bbfe094d9c4,4256,3488
76ac53629eda,4240,3480
53488579be26,3408,2800
c2dabc90054b,4240,3480
1ea96fd9dd7c,2832,2320
39fc79f0bd68,2836,2336
f47d797dc06e,2932,3052
e99abff2a302,2836,2336
39b12d3c2fa6,4248,3480
5e3d1593fc0a,2832,2320
4c7789795282,3032,3032
b76c4defa9c7,2988,2975
9796be0b3e33,2836,2336
dfd483d68471,3032,2436
1b3d36c26846,2718,2330
5dd762a0aec9,3032,2520
da0282b42d7e,2836,2336
8ae96d80aada,2771,2821
bf9c56696294,4256,3488
cdee964c1183,2836,2336
31ed6ca7181f,4240,3480
9d0c91bd716b,4256,3488
f0a21386ef18,4240,3480
01fc054e43dd,4240,3480
9e879235655a,2836,2336
19fc87ff0612,3480,4240
d908cf9ff11b,2992,2789
f24954cd9492,2988,2964
9bea66a2b74e,1696,1565
1acda07db7b7,3028,3052
8a89d61875f9,3408,2800
b2e0f472113b,2836,2336
bb4b1da810f3,2836,2336
a8f9b3071e77,3480,4240
1951ac929b71,4256,3488
2cfc6491579a,2490,2169
8d8edfaaf473,4248,3480
0ac321d82310,2794,2249
dec62bd53a03,3048,2536
8a41350ed766,2836,2336
d479e8a775d6,2846,2330
b69f71f7c44f,3032,2520
3b31c91dd63b,1387,1140
fdb25a936891,2682,2663
f6f3ad013608,2856,2539
2f1ce67c8d80,4248,3480
a6b6e0c9dde0,2836,2336
850e41638d39,2836,2336
eea3a910fa9e,3480,4240
302436633ec0,3050,2539
981b09433923,2798,2801
a79f46805078,2836,2336
2dfb1892020b,4248,3480
ee92643ee482,3050,2539
a650491c7276,2880,2540
83ba207acf3a,2872,2416
bf3a6c21cac0,4240,3480
f01d5caded33,4256,3488
30353c8bddab,2872,2416
44d2c6e9266c,4240,3480
1d528d96ae8f,3001,3001
6739839069f8,2836,2336
5fe5d4052587,4240,3480
e62e55fc3d30,2446,2010
d653aa376299,3020,3052
380bc51923e1,4248,3480
75cfdc5bec2d,4248,3480
029fd29fcfff,2706,2600
ae62f3e85752,4248,3480
48f11766c41f,4240,3480
c1f7a8613aa3,4240,3480
a6de43bd68d4,4248,3480
0896ca4f76f3,2934,2625
b622f84403da,3027,2520
af0c08a95509,2992,2801
ae56e7be5c64,3056,2544
204f98b6eaa0,2140,1760
53d661519127,2802,2801
df2bb22fa871,2795,2967
0834d60255e3,3032,2520
dd4db2cfc1dc,2870,2490
ea2117b53323,3408,2800
1b3f39f26e86,2140,1760
a5c5e8425f03,2825,1599
fdd2f9b2f036,3050,2539
162eb52156fe,3408,2800
2f6019c75d6d,2795,2967
c2004e13c84f,2802,2801
4a716f15a2c9,2985,2971
25af1dc6eb56,2832,2320
b297e82a912c,3045,2656
e6a05de9cd72,4248,3480
621a97bed4f2,3032,2436
1ad04a61f05f,4248,3480
d6fd4e6aa2fc,2836,2336
39748831cb0e,3488,3488
799d5b7686eb,2992,2991
cb1cacc91d76,2612,2616
bc0043b0b2e4,3056,2544
c5970294a8c3,4248,3480
c8e77281fb61,2836,2336
4efd20c837dc,3408,2800
7117291867a9,2846,2330
91fe5cb436fa,2827,2414
4145f29b1520,2446,2010
34d695666ba0,3060,2548
e1ae4be3ef0c,2836,2336
648c3ab1901d,1387,1140
92d696325eca,2872,2416
a9db22dc73e5,3050,2539
860bd55d358c,3032,2436
bf9f0eea64a7,2660,2180
022085a0b648,3050,2539
26aec18cd81a,3027,2520
b4fcb78a1832,1387,1140
e4ba8cc4614d,1760,2140
7c09ada15942,2832,2320
a2c5285c6fec,2748,2539
73f8657c1d8a,3032,2436
137a766bb266,3050,2539
ba10a1d08237,4240,3480
f00655c68e05,3032,2520
7749cddd0a17,3032,2520
0811fa228368,2846,2330
97a6e11901eb,3032,2436
bcdfd2f72125,4248,3480
9e4824fcee2e,3408,2800
754c56fbab63,3004,3052
a6265fd0fbbd,2836,2336
cedf1b30b001,3048,2536
3299c772badc,3050,2424
dbbcce15367b,2832,2320
044839a5b51f,3032,2436
d2896d7a3da9,3480,4240
055ab8efe60a,3480,4240
eefa0243dac0,3048,2536
b8e74edf332d,3056,2544
1b9c9f8fb993,2846,2330
82383ab47304,2802,2801
f4a384d2f5a7,4248,3480
4bd0ff5a460c,2446,2010
7e63892d77cb,3160,2776
1deb434d88f9,2140,1760
c5989c8376dd,3032,3032
ef367099b05f,4240,3480
f99140e2c7d9,2836,2336
e738c549fe8e,3056,2544
c3c864ee0f68,3408,2800
efeeacad5c65,4248,3480
a277e7e8bcfc,3050,2539
25bb6f3d25af,4248,3480
6e5dbfb30008,3032,2436
9872a8a48f23,3056,2544
0ee216baabd5,4240,3480
5f79c81b9eb4,3408,2800
058648c8a669,2872,2416
1ce44a46c684,4256,3488
b2f5d0fe9ab4,2872,2416
7d3c921cda8c,4248,3480
63ed28f6c6f5,3056,2544
63f632b19a9c,4256,3488
d46ec73397be,2140,1760
24676aae20cf,2469,2149
0d97277582ab,2719,2539
a5439252456f,4240,3480
bcb4dae91d85,2428,2428
27c3a9b1d888,3032,2520
04af69b81c7e,3032,2520
ba2b40893712,3032,2520
b2d8e6da8935,4256,3488
5da2c55e6c13,2832,2320
9321fdb7956b,3812,3488
4024e564722b,4248,3480
42ae168b660f,3056,2544
56ed68c28819,3028,2518
f22489107be1,3190,2746
bbcaf12f5c75,3032,2520
a5d669959aab,2828,2320
0f86d39499c3,2140,1760
dd7805f39e0d,3408,3164
407b66d46c36,2992,2991
fdb87f885d0e,4256,3488
d0bb6e1f6132,3032,2436
c0b8daed0225,2846,2330
c379411716f4,2846,2330
bfbe7fbcbb22,2996,2507
3607190f3f38,2872,2416
1bb4e94e3f39,2836,2336
a3f39bd39314,2802,2805
a92a89c016bf,2872,2416
f9c3bb697d31,2428,2428
0439f052b73b,2836,2336
4f3d52d652dd,2832,2320
cccc4a472171,2832,2320
976589a48d16,2840,2874
ea6150f7e739,3020,3052
b394d991b617,4240,3480
0a3ff348b17f,2836,2336
d79b606c8afb,4248,3480
aa242582e259,4248,3480
606b9b7b4b9a,4248,3480
e67d15264570,3052,3052
8b4e375dc274,3052,3052
12525e86fa15,4240,3480
db00cd1b6beb,3056,2544
90ce68ed79ce,2976,2536
7ce7267d2acc,3050,2539
42baace5cd3f,4248,3480
5662a418a7f0,4256,3488
c1efa8f0be37,2798,2801
3ff62f6ba1c6,4248,3480
0fee4da39e93,2501,2330
09a484920a1d,2836,2336
01685340af75,2846,2330
64a776818efe,3050,2539
e2fac56a56bd,4248,3480
e283f58f6d76,3056,2544
3d19da0d4ee6,3408,2800
5597d905aa5c,3052,2868
41124e1492aa,2867,2937
f3036ae57784,2836,2336
d28ee143f517,2992,2991
0b2c2e6d7192,4256,3488
1117adfb1445,4240,3480
ade3c3a06a61,2836,2336
97f88e6913e1,2832,2320
318057da5ea0,3032,2436
548939938de2,2988,2988
98a1169c3073,2836,2336
0e3bf1e3d4a7,3028,2518
ca28f6c2f672,3408,2800
c6efff193bd9,1387,1140
473dfd35782a,2799,2681
56e2f9ad952d,2802,2801
d6742f8a921b,3032,2520
35ad423bca61,2836,2336
28a00b55fd02,2140,1760
8438a6e0c60b,4240,3480
460d99af3da9,2990,2991
f8fb0c9ec22a,2237,2188
4dbdf2240c17,3480,4240
bd0fa715c95c,3004,3052
f6ef78fff495,2846,2330
0ac8924c4eee,2791,2528
31bb97761a90,2836,2336
5b63997ed831,2854,2800
9699ffba649c,2573,2532
ce430706efe2,3056,2544
1643171226c2,4891,4020
947eb961a785,3408,2800
bb52bbb91924,2992,2991
103bd9ed3929,3232,2800
a714abec2bef,2832,2320
6699f436fd28,2759,2436
3a21e049fb15,2966,2554
8e1f49b85369,3408,2800
262106ee8f85,4240,3480
110dde407e0a,3165,2800
732668dc8b67,2802,2801
94ac06d0b5d9,2699,2525
a3982daa9a3a,3060,2548
3fd7fa7c1b83,4240,3480
52d9af96139f,3488,3488
b0dd0ee01594,3056,2544
2024f8ab86b4,3000,3000
1be144091e2d,2800,2874
d9652442404c,2431,2010
3bb9d1009a11,4256,3488
3485947413e1,2832,2320
0e449f567083,2759,2330
b45444b81d3d,2992,2991
98a63209c4eb,2832,2320
18bc99671fb9,2836,2336
673f5c24fab8,4256,3488
ba2fd6efa983,2880,2540
bfa8feb11bec,3032,2436
fb644cbadd58,1387,1140
f9117d729034,2840,2874
fc3cecdf50b2,3048,2536
1b97fb772253,4240,3480
bdbe3fa1b316,2822,2330
5cd1b4c1bc31,2539,3050
1e099040e6ff,3000,3000
543e29e7d374,2985,2943
a656f310024c,4240,3480
c309fffbadbf,2832,2320
b700a42eba4e,2836,2336
20cc91493f24,2802,2801
a16f0faccc7c,2992,2991
d2f64585a253,2836,2336
ddef2583d5db,2832,2320
8d1b3efffbbb,4240,3480
4d3847ba95ed,2012,2012
9206443f38f4,4240,3480
82b4d25ef4d7,4240,3480
7e8f72303875,3050,2539
53359821ebef,3480,4240
8529395d2a79,2832,2320
3a5a28071e03,2996,3004
8eee4b098b75,3048,2536
14ad2e08ab7f,4256,3488
550a30a6fdd6,2880,2540
d4543383eeea,2836,2336
666f26fc1ac5,4256,3488
36a80e8349a6,4256,3488
ddd175bfcb35,4256,3488
bc179d29b11b,3125,2800
34d78e39990b,4256,3488
d142896b5581,2840,2874
87edfbe83edf,2962,2944
65f07a999eae,2836,2336
658ec726c175,3050,2330
578d1c165af7,3056,2544
12df1d79626b,2812,2381
b6a0d6efea4e,2992,2991
e29f0f0518a0,2992,2991
9edc9dc8e8e6,2836,2336
e89536bb9b9c,2836,2336
07fe0210c4d2,3032,2520
c18cd05c1cbb,2832,2320
3e17d804f89c,3032,3032
010e677381f7,2880,2400
d36f8cd69fa7,2836,2336
64a837dcc2f2,2846,2330
5c1a57dd5e8a,2836,2336
9595d2eb97d7,4891,4020
55de7e11b33b,2400,2631
2555fc5e74c0,3056,2544
e297b1e6b8ee,3408,3320
cfc1a9fed40d,2836,2336
1e44bca573b2,2836,2336
9eb725cdb713,4248,3480
46e85d849bcb,2992,2991
a998c74ce8a9,3048,2536
d5b9b9f3ee57,3006,3006
64138eedc898,2789,2781
d250cb25dd00,2880,2400
1c566290d70c,3056,2544
8a6ff2ab86ee,4240,3480
fb832b7cf730,2832,2320
40844df2c2ce,3072,2560
9c21b784e2d7,3052,2572
df77d7ba34cf,3050,2539
6fa81edb1524,2532,2471
dbb9293e1d3f,2836,2336
0a990c89256a,3032,2520
02037e3e6555,4240,3480
4b2f144a1a8b,3125,2800
5a61b0340fbc,3032,3032
7fa8f43e5e81,3050,2539
6606cab99998,3056,2544
6d0230e7bc33,4248,3480
30ecd2d4dce8,2872,2416
2ef7ed8ae9c8,2561,2215
8e996910e702,2836,2336
a001a2ab02c8,3032,3032
018343ac5c25,3408,2800
d00013065b7d,4256,3488
1f1cd330f513,4248,3480
ea408a91db91,4248,3480
74077a8e3b7c,3056,2544
5687abeb8010,3408,2800
dcab18be6a8e,3032,2436
051c0c15073e,2872,2416
db623fdc0fc4,2996,2982
f5217eb57e14,1790,2021
f071f42fe94e,3056,3198
932dabe18d3c,3408,2800
ffcc16bbf428,3408,2800
f498c1076c0a,2836,2336
624cdf15ec99,2832,2320
921b1b74c82a,4240,3480
0fd7a3ffe6d6,4256,3488
fc17b18cdd16,3408,2800
daa9bddc5fe6,2846,1842
4dc35109eba4,2846,2330
948e89f0686a,2992,2991
68d2e8216f77,2836,2336
09e2e25583e7,2808,2874
611964e17dd1,1387,1140
20207b3b8a07,3052,2932
e6f8a7c5875c,3480,4240
0e8310f8b1a2,4248,3480
c80d2df370e8,1387,1140
cc0ff943ffd0,2685,2526
671c789ea79a,2647,2539
887abcb3bf50,3032,3032
8e06769a7ceb,2992,2991
52bf81c57bb2,3408,2800
15e6cb19e0df,2878,2565
de1a0182928b,2987,2982
5a43c16b88d7,2872,2416
a2613e16424d,3032,2436
c0219c31c527,2802,2801
4e720363b7cf,2980,2988
940996303881,2836,2336
15f29140a676,4240,3480
17eb45bb77f5,3005,2711
c3510a436bff,2872,2416
04d1774c080a,3056,2544
12580967d3ec,2872,2416
44eb07541e14,2802,2801
7ed1695b7683,2785,2971
0fdddbeae716,4248,3480
27e463d224ef,3320,3408
a1334d926c7b,2544,3001
692f1f18f529,1387,1140
307a239c069d,2816,2874
30ccf60a7c44,4248,3480
be68c5758c13,3408,2800
8eed7f12b4c5,4240,3480
b48682a34cfe,3408,2800
25a090ab5ac1,4256,3488
fc540611c9d1,2118,2040
077fe957981a,1387,1140
149356f04849,2836,2336
e9d11bcc30df,2836,2336
6861c5992717,3408,2800
5052f1d62d89,1387,1140
9c3f08f1f71e,3056,2544
5111b11537d3,2012,2012
a795d215c013,2836,2336
3ed2d8cd040a,4256,3488
d6f42229ae9d,4240,3480
a470199a49db,2846,2330
041ff8cc34cf,3052,3052
8061563f9228,4248,3480
aee88f839c69,2590,2797
0df80555870d,2836,2336
be47d4efb679,3072,2560
81e2c14eb094,1387,1140
af7b5afa229f,2832,2320
2db404b60c2d,2846,2330
d6c24f4ad992,4248,3480
d69fcf5356a5,2836,2336
96417c620956,3408,2800
f0d2179664cc,2140,1760
92a3436c3229,2872,2416
2b77b097df2a,2836,2336
4364230d15f1,3032,2436
a0576acc82d2,2836,2336
666e1850f190,2846,2330
406933b91104,2539,3007
e72c0c07809b,4248,3480
452da76983c5,2810,2733
627a5f9f33a6,3052,3052
b5ba0e605601,4256,3488
5f277dd055dc,3032,3032
ff46eefd123c,3408,2800
61e618dc7f9a,2791,2800
b9662686a5ae,3000,3000
83f72d6b60d1,2807,2330
cdf8ba91306a,2802,2801
92552b44c70c,3279,3239
32ebc75d961e,2836,2336
ff6ee6ae167b,3056,2544
e6211c5c218c,2872,2416
6b6b72356cc9,3032,2436
2efce4f80222,3408,3320
05c5bab5cf9d,2538,2061
b813385b09f0,2140,1760
c7f5e09a2415,3050,2107
e9dd2e15cb8b,2836,2336
229767715ab5,2942,2458
f0ab1da96100,4248,3480
342124a4d8d2,3056,2544
42b59639c5e7,2836,2336
89c3baa32546,3032,3032
fe2aaee14b5d,3048,2536
7c06ff390c95,3032,2436
ffcc6edd9445,3480,4240
4ef5fa3a4bc6,4240,3480
23772ff0d697,2798,2801
5b1e5fabcb5d,4240,3480
26a137734cc8,4256,3488
0a60c7787fee,2832,2320
501a1477a60f,3052,3052
394536fc0dca,3480,4240
5d2ce88dc192,4248,3480
04a4a5b779fc,2623,2359
9641578a178b,2836,2336
cec9a538ac59,4256,3488
f8c0356edb65,4240,3480
5b8d34cda68e,4248,3480
7c0d62261831,2846,2314
5db0fa005512,3050,2539
f5d79fc8f22e,2982,2969
7af22f9e7ac8,2846,2330
4d5364b334dd,4248,3480
8e882bd6662a,2840,2874
3cf74e294e2d,2832,2320
3bd8bd96937e,2802,2801
a39f5b241c5a,2880,2400
78e928d741d3,3048,2536
32ec1b413763,2802,2801
5cae48f87eb1,4248,3480
c697b7d09124,2566,2581
0dcc9cfc44b6,2808,2874
e1e1cd77ddb5,4256,3488
c1121a925f2a,2832,2320
aabf3a11ea75,2802,2801
65bd2ff1f2a1,2832,2320
759b9866a2d8,2846,2330
62318cb53fbd,3032,2436
8504cc506789,2832,2320
cada5310214b,1387,1140
da4b622d58bc,2428,2428
63bcb93c9d31,2836,2336
37c2eb00d771,2808,2874
ccdc93ecab12,4248,3480
e4444d6da8ce,1387,1140
23b9a2b1efa0,2992,2809
06f4f2f03a93,2840,2874
57f76ef70b18,4248,3480
78dd642c634a,4240,3480
b72a9cb51f29,4248,3480
44674edbc278,3480,4240
b3eae4881218,2703,2680
1260a8ac7750,3032,2436
d24a399e94c4,3032,3032
69aaaf77efdb,4248,3480
d3a3199e03d9,3056,2544
6c3b72416712,2836,2336
136af218f8df,2802,2801
f01464aa7c6d,3056,3198
166921f01e2f,2872,2416
521c52f514d0,2798,2801
329172d2a7eb,2880,2540
202ce5802ee2,2836,2336
1ec6cb4debf9,2992,2991
efe83e860c17,2446,2010
364e2b97c131,3000,2228
6d1d65e65b8c,1387,1140
1868b773b6f3,3032,2436
4123a71d9796,4248,3480
f13f9ace0a9a,3032,2436
41b6fe25b370,3056,2544
c9548a430ddb,3000,3000
c4159a5ee69b,3052,3052
137b79059dd4,3408,2800
ce435a634ee1,1387,1140
05ef4358baa9,4256,3488
bd4d8e29de6e,4256,3488
7df0ba4a1d45,4248,3480
0aa773e594a8,2836,2336
66a76500f83b,2992,2991
6dff1a912e05,4256,3488
3503e6325419,2880,2540
d19950710463,2832,2320
4b89119a5a67,3028,3012
0171f8209991,1387,1140
8a38c00672d5,2832,2320
b37327cc615f,3032,2520
2a0446ef8ac3,2992,2991
354b798ab2fe,4256,3488
d9989cde71cb,4248,3480
e86e443c371b,3027,2516
1f52aa50d6e8,2140,1760
fe6cd1fbae72,2836,2336
4f11b62bab24,3056,2544
1491d6fc53d6,3320,2680
ceff5e389de0,3480,4240
36c493013b44,2140,1760
8608a37115a1,2556,2336
de70ed3c1107,2140,1760
c83cd153a1b4,2772,2336
c01d581d6b2a,3000,3000
e190c0f7d7b9,3056,2544
506dca9ef41f,4240,3480
6607594d8cb9,2428,2428
8d95b5ebc5e1,4240,3480
4f257ce09b76,2792,2874
9d06283b8ebd,4256,3488
65b25f2f8b86,2832,2320
050021ae3649,2832,2320
da256b2c2b8b,2802,2801
0ece4e436d5b,2836,2336
ca3d5cf5cb68,2418,2457
a174a4f6c807,3032,2436
d61bf240956c,2580,2243
d61a43d5c520,4240,3480
e498491b1526,2832,2320
8996786f0aa4,3328,2800
0572ef0d0c1a,3032,2436
88b669cb78b2,2832,2320
727775e601cc,4240,3480
f7f759f7a4f1,3032,2436
793e044f2c5b,4891,4020
94cb7b6ff132,4256,3488
df4a6950e90f,3032,2436
49f089b7684b,2836,2336
0199e056a941,4891,4020
6dc786c00bda,3056,2544
8cd29e5eac35,2832,2320
ffab0f8f27f0,3050,2539
bde156ebdcd2,2954,2965
fd976b597637,4248,3480
87ffe1b72142,2836,2336
3bcb88c7fb34,2140,1760
7317e56f9189,2969,2965
7d4623a57d57,2808,2874
ea3d66fd0904,4240,3480
a323aa3f8d60,2872,2416
0d3372b1f093,2832,2320
17de208479c3,4240,3480
4387a361ab85,3050,2539
a6e864398336,2985,2961
c911acd72665,3032,2436
64bb7cf230d3,2836,2336
e7be504cf8e9,4248,3480
ce245a692db8,2836,2336
c113eeda4af3,4248,3480
c1d6bffc0507,2872,2416
948a27af7d0b,4240,3480
20466076f5e1,3032,2436
eca143207a92,2836,2336
42f5eca1848b,2383,2193
8e2698e8ff11,3408,2800
cd3ed4265251,2880,2540
a57bf6dd6119,4248,3480
94ce7dffb3eb,4891,4020
61d8f4b28030,3056,2544
bd99501aa2dd,2836,2336
5577578a9f6a,4248,3480
7e99b9eb897b,3480,4240
30e5f099eff2,1387,1140
808aa095bda2,2992,2991
e3cfb3330b60,4891,4020
211890ccc8d2,2840,2874
c9b62a594b8c,2880,2540
8de440c6f344,2787,2365
ad37a4fbedd4,4248,3480
10fb3cdeaed5,3032,3032
9492b63c1e3f,3032,3032
912fbfa9f737,2836,2336
545096ff25ac,2880,2400
072999833ab4,2832,2320
ed3682285d63,2992,2989
b1e5ceef3f66,2968,2935
42d866acde2c,2836,2336
4507b1846ced,4256,3488
5af8dfe95d88,4248,3480
71bd712327a6,2872,2416
ae781da41bff,2836,2336
b066908bc2f3,3056,2544
087837197282,3056,2544
00b8180bd3a8,2992,2991
0c6b440ba98e,4248,3480
3f79915dd256,2992,2991
645338636eee,4240,3480
9a7132fee727,4240,3480
0b4a60630af2,2140,1760
353ced4c326d,3052,3052
f99a5edd65aa,2993,2958
7b7275d670e7,2832,2320
0980c2cdb557,3408,2760
09a76af15954,2836,2336
9f443c090df6,2957,2975
e0440b6cae4d,3056,2544
8867667cef09,2021,2021
d8c835ba6e7c,3032,2436
0d9825637fd8,2802,2801
9d7faec50cfa,2836,2296
c4b68b29a072,2140,1760
74639dcd7a0f,3032,3032
fb38bfebfabd,2242,2268
356f8fc9cae7,3408,2800
fd74cde91d90,4240,3480
6f54e9cbd180,2140,1760
eef757610245,3328,2800
5faceacc7da1,3032,2520
211fb5827afa,2836,2336
71b601075a2c,4240,3480
628fa951330f,2836,2336
905053213b77,3408,2800
f67a3cc833d5,3056,2544
b0fdac52f1d4,3050,2539
d2dc88c5ac81,2880,2540
fbd384384f57,2656,2950
cf613b0f630e,2836,2336
0bd6cd815ba9,2140,1760
9d20ff2ff577,3050,2539
d080a0842281,3032,2520
60bc2b30e222,2832,2320
800f8d136ef5,2836,2336
296aaf716ae0,2802,2801
60390de6b3c5,1387,1140
36cf2080b192,4256,3488
0b55cd36e5cc,3755,3489
b67ae6dbda2a,2836,2336
8b35749b7bc6,2836,2336
9eff60fdf2da,2880,2540
e8c95d9d060f,4256,3488
66dbe0398480,2846,2330
2e37fb0a6193,4240,3480
e5423ff79c03,2548,2492
5167ff5f6abe,4240,3480
3198e7526afc,3032,2436
f7bb2e09d818,2239,1986
513502db64b7,4248,3480
f239ff9ef0da,3320,3408
af1b8b1a26ce,2992,2801
8f58493aa6be,1387,1140
61906bea9eab,2683,2269
8f3472758167,3408,2800
5f16050c324e,2836,2336
0c22dc834dea,3032,2520
d1ff8bfaf6ab,2517,2330
4bb94cd7f2f4,2140,1760
9bd0005d2873,2836,2336
0afaed6c0a69,3050,2539
db4f4f01f852,3056,2544
ba90b53ea840,4248,3480
e37e60f51f2c,2832,2320
d2c19614a213,2832,2320
39acf134b0a1,2832,2320
0a2d3681339d,4248,3480
fee6b3f57081,3408,2800
e8c529974e0b,4891,4020
d71363e4fef1,3032,2436
f6c4ab492e7d,2802,2801
c97d6fe880a7,3344,2800
04ee818a03d6,1387,1140
525fbc8d3610,2992,2801
b7da62bf0a1a,2750,2330
b55092ef36fc,3056,2544
1ff2da663fc5,4891,4020
35e398a5a431,2140,1760
cb6f637caa31,3488,3488
5f6849a0cf87,3052,3052
60f42538e81f,2836,2336
27aae8370c1e,2836,2336
c3a09e8a600d,2140,1760
c1eb5c1e81fd,3048,2536
c8294ce59bdc,3050,2539
43883549bf9b,3032,2520
866e0f62077e,4256,3488
c7925ab50eb0,2140,1760
756dbcc3be70,2140,1760
1697c6702167,4240,3480
025c5bde94c7,2840,2874
3138649980f0,2863,2330
d241b5fe7b72,2955,2813
499c4b6c9783,4248,3480
bcd2179fa24e,2140,1760
78a1960aa312,3408,2800
c8b2138cd267,4240,3480
d355ba313f5e,3032,2436
86d6ed01e772,3050,2539
2eefbd9bc7b9,2836,2336
9a9d89ca4aa0,3071,2800
2e637e229e50,2802,2801
b7a016c2e971,2836,2336
7ab83155a470,2650,2653
fa5e3f933004,3007,2800
c8d47dfdb54b,4240,3480
eda3630b3819,3184,2800
d53cb59b665e,3408,2712
961e67cadcdc,3056,2544
fa85ced07984,3050,2539
c6c1212a03b3,2975,2800
8c7bdccb65ed,3032,2520
35e2412a3706,3027,2516
07fd8eed8cbc,2021,2021
adf925d6c357,4256,3488
9cebf3ac862c,3004,3052
bc0f03c3a318,2880,2400
eb0a668ec905,2846,2330
fed0ecac96cb,4256,3488
1f90178d3678,4240,3480
9ee1d222ae5a,4240,3480
e2834bb80a4f,2872,2416
1701be774ecb,2880,2540
86c22fdbdf51,3052,3052
4d94d9d0f8df,2832,2320
9424a53c8d6a,3050,2539
a1279146145c,3032,2520
c1081aafd290,2836,2336
02bc68ef4265,3032,2436
cafe87118d59,4248,3480
042efea6bd1d,3032,2436
7f2d2e7bfba8,2836,2336
25013a0689fc,3056,2544
c8e548bba5f8,2836,2336
33ba04cc6e44,1387,1140
7ff9102be785,3408,2800
0b1408cf87e7,2836,2336
f1f673778fc9,4256,3488
1c306780d2f7,4240,3480
93a09edfd468,2836,2336
f5ea46733907,3048,2536
5044cd2e31d1,2880,2400
6654e880e061,2880,2540
d54bbcd40f15,3052,3052
ea072afe529e,2978,2885
f3d975c4ca97,4248,3480
f263ce988492,2846,2330
6224f657e437,4248,3480
a61bb89f5ec8,3408,2800
c76d21aa7403,2994,2992
d472f472b4e8,4256,3488
6c4f8305465a,2846,2330
88cf06ca9b69,2832,2320
adab622e8195,3032,3032
eb61e3bdb2a5,2836,2336
6d0e530c6208,2767,2252
340f2ff1f3a3,2832,2320
e854c2bccdb3,2676,2336
0c047aa4af8f,3032,2436
f6293b1c49e2,3050,2539
3857daee16d2,2874,2800
9cbb5c89491c,3050,2539
c29d0eb39557,3032,2436
e11d1185331b,4240,3480
13edd4bdbbe4,4248,3480
36b3565f7220,2802,2801
a06bc359b5fb,3408,2800
1dc00be9fa90,2832,2320
4b9cee7ecf44,4020,3485
63f03afb1664,2832,2320
56eabfb7f38d,4256,3488
b9526de44654,4240,3480
87717257302c,4240,3480
9ae7751f111a,2802,2801
86cd5c80c715,4248,3480
ca215caf2aea,2802,2801
7c6141115890,2992,2991
dd4bc7cb94b0,4240,3480
04ee02f3b685,4248,3480
c376ed382362,2992,2991
2839d43f4706,1387,1140
0f4bc6a7b8b5,3133,2379
cac835503483,2140,1760
a5d66b038255,2832,2320
aa9009799d95,3056,2544
22abca0b916c,3013,2156
3eeb7e63c39e,3480,4240
0c7b15362352,3050,2539
3d2224cb6bb7,3400,2800
786ec73d1e3f,4280,3520
bfe06ca5534d,2872,2416
78753bfe52b2,4256,3488
0322cba9c844,3032,2520
eb54dfd59099,2802,2801
3775789b06bf,3050,2539
c02550dc623f,3056,2544
e01d23a04187,3027,2516
5062d954b4ce,3027,2516
193e2bddd6fb,4256,3488
f476eafd8d46,2836,2336
c3c012779959,2840,2874
25451ff5a571,2872,2416
1467c3c84c42,2840,2626
61752586ad22,2846,2330
58d616c1a4d4,2140,1760
0b9add7616b0,2836,2336
2a03d1c9b41f,3019,3012
433a6aea9914,3060,2548
28cd1f82f1be,2140,1760
53f58deb8cf6,2832,2320
97639c8fa4ed,2836,2336
a89be9ca2f61,2846,2330
60c35a8572a4,3056,2544
6e27eafb467c,2992,2991
0ea0c8f31614,1387,1140
3c520ff6d9b7,4240,3480
2db0feefc063,4256,3488
3e87fd4c0999,2846,2330
a63009c223b7,2855,3011
4605e6c8b75a,2607,2423
c74c321717a4,2832,2320
2f628d08955d,4240,3480
1ae58d26156b,2867,3072
d887fdb6099e,4240,3480
49b11f3e2a9c,2971,2417
2eef05cdb887,2788,2259
8b952bd3b600,3052,2764
b631ce6a8ccd,2836,2336
af1a0e5a5b49,3032,3032
306329dbbccc,4240,3480
db4e70794593,4256,3488
ebcdd0f1c8a1,2836,2336
6a106096c000,2660,2180
733d63022f55,2836,2336
b28ce3fcf553,4240,3480
ac6a0e26e7be,2832,2320
2a7f96c98513,2832,2320
027473c590c1,2537,2382
e9f069403241,3000,3000
5ca8a98cf1b4,2836,2336
c16c290f1601,4240,3480
b5916a232a5c,2846,2330
74d1705ecff6,4256,3488
be65d1a22de5,2836,2336
cac8e7084666,3408,2800
32e5cba874ee,4240,3480
5425263aab06,2836,2336
73a2a0a04c57,4248,3480
1ba3477552e0,3050,2539
9ed5f5971199,4256,3488
41b8a02172fb,2836,2336
6ac7da38e8e8,3050,2539
dd1cb14b85b1,4248,3480
a09c6b006ed5,4256,3488
99eff31c504f,2816,2874
cd43f505780f,3755,3494
83a8ad301e0f,4256,3488
62942080d0b6,2846,2330
8defd607936c,2446,2010
3b0227a5175e,2802,2801
afcabb453117,2919,2995
27f323d19997,2832,2320
343699137ae1,2798,2801
57f7c8ba8acb,4248,3480
87ed595ee261,4240,3480
a6d96727e16a,4240,3480
f6654dcc44dd,2010,2446
1c9bc3acd2db,3408,2800
0d4d35b492ba,4240,3480
38f7e0a0277c,2804,2336
c2e09dcc6455,2549,2263
502e912e6eb4,4256,3488
63fdf99db501,2798,1834
59001a4641f9,2880,2400
1f0419f1f5f8,3032,2436
8767798b8938,2836,2336
d41a1c9ccfc0,3050,2539
2a00cffa80b0,4248,3480
58aab279543f,2836,2336
fee880bc30b5,3056,2544
5613f35bd348,3408,3320
8cc78a4b690a,2500,2048
332334927996,2884,1956
7c970e08f700,2988,2548
c843d08b49b8,2836,2336
e249f4da3806,2938,2785
c561b2656646,3050,2539
26ce9d56bae8,3052,3052
612150e1e63b,2140,1760
015169fc4212,2828,2320
231fcc833906,2836,2336
ea608cd740a5,3408,2800
51d72afd2519,4248,3480
40c1179c23e8,3032,3032
eea28baa7c69,3072,2560
fe2008897820,1387,1140
ea4e6f4d1276,2832,2320
9bfeef7999bf,3035,2539
bab5ad2732f1,2872,2416
cbbd85c7f618,4256,3488
407901bb5f89,2836,2336
4fbaae87210f,2832,2320
6f9a25fa8c15,2836,2336
f19e0017819b,4256,3488
c00c7e8b673c,4248,3480
dbdf62e340eb,2832,2320
4d647a4df4a8,3032,2520
e00951255b1d,4240,3480
33a72bfb5ddb,2544,2028
9b32288603d4,2832,2320
8e31d6f2c136,3408,2800
1fffaf06c050,2832,2320
f47a7274ffc6,2992,2801
19f7b3d9e2f0,2750,3000
5b2261258aa5,2836,2336
81b28e3dfdc1,3050,2539
459bdad90d80,3032,3032
97d4bf8756a6,2992,2991
684230477525,2836,2336
4f0c18a7a451,4240,3480
e883a347072e,3056,2544
49c62ec000ce,2464,2179
77e0fa0609c9,3020,3052
d7fce155ce7c,4248,3480
8d0f0385c7e8,2978,3000
d984628f648f,3032,2520
73a3630753a5,4248,3480
7e36258357fa,3408,2800
261e900d92b1,3032,3032
779d18c490e9,2836,2336
b3ec5f95387a,2840,2874
db4332c32ac7,2990,2991
06de06e37023,4240,3480
4dbec1fe29e8,3028,2924
8ae5a0f6c1fa,4240,3480
2e16a6f0bf59,4240,3480
30159ae10968,2832,2320
a6d8e6229af7,2520,3032
bb1104267164,4248,3480
936889189a8b,2992,2991
01a1aabbef0d,2832,2320
7d1a749a336a,3056,2544
a73769bb6d03,2835,2538
6cccc27d8538,1958,1627
32f07d34a0db,3056,2544
127826b3a8ca,4248,3480
ba77c4831e02,3056,2544
c3da1af48805,3052,3052
ccdbe0112d6f,2802,2801
b689306ef723,3141,2800
b37f6a547874,4240,3480
bbdf09c114cf,3032,2520
0c32f2afac92,4248,3480
dd3a357497f7,4240,3480
52c97017741a,2836,2143
e2515b943e1e,3056,2544
af932f6c84c8,4240,3480
a2ee4b862182,4240,3480
ab6eb36dcfe8,2848,2539
7d15af0d52ba,2836,2336
2b37bc3747ad,2992,2991
26a7b7bd9168,3032,3032
4927468dcace,4256,3488
db55457e9cd2,3408,2800
2807582ad24e,3052,3052
2accbf7e5287,2471,2872
e49b56ecfcde,3050,2539
973db0636a3b,2832,2320
1b3cee648e36,4248,3480
61677edec1cf,4240,3480
d24841264958,2828,2320
57e688a7b16a,2140,1760
9a5d49cc13dc,2836,2336
5059c6c85ed9,2743,2405
2fb9bcd1c9ae,3052,2964
2bbfbda5bf88,2832,2320
9a381fb7bab0,2520,3032
db9f8ded592a,2802,2801
d229d8c47c9e,2836,2336
3ef04693bcf8,2710,2692
499464f6cdc9,4240,3480
d5b218e08e3f,4240,3480
be5ff9f2083d,4256,3488
016e884581b8,4240,3480
dc773d9243e1,3027,2516
709130ce5a22,3056,2544
bff9ffea639f,3032,2520
82a124c5336a,4256,3488
66526ae5dfc7,2913,2539
71b945465040,2836,2336
58934d9055e8,2990,2991
6d29c79a607a,2836,2336
b7e801a8021c,3032,2436
ddff141123c1,2836,2336
f76cebb4d35f,2872,2416
8093df07a5d0,3480,4240
3ea703bd1e0b,4248,3480
59937337e0a9,4256,3488
8eb882164ef4,3056,2544
70537432956f,4240,3480
777fc56435ba,2840,2175
86484cc4db08,2280,2309
d443de6eb20b,3052,3052
ee9cf518b37e,4256,3488
c9eb5a6fcee5,4240,3480
08fb5758220d,4240,3480
0dabccf9b632,2880,2540
c433f2351dd6,2806,2746
ea42a66bba4b,3050,2539
8d95766f633e,2880,2400
73b1deca7a38,2138,2268
212b48b31b1d,3056,2544
fee4447733fa,2431,2010
f0243e3c735f,4240,3480
8ffe76d2e1e7,2846,2330
72196cf82003,3056,2544
c6a53ade1af1,3032,2520
f72147bd2984,4248,3480
006e2ac85d57,3032,2436
58cb7e268638,4256,3488
127af3847970,2798,2991
282846988f20,2880,2540
9966560a12b3,4248,3480
01ddea932ac2,4256,3488
93c3665123d1,2436,2800
930be0160f2d,4248,3480
f4b0f6b024de,2784,2770
a0178e3a0d8f,3480,4240
c9a028b48504,2806,1826
fef3c9e51d8d,4248,3480
5dae029b62f0,2854,2853
247411eb282a,2802,2801
ce51b397b1a6,3480,4240
7df6f0a19939,3480,4240
a49539a0ea2d,4248,3480
b55e62a49379,4256,3488
e4a78ff8fa73,3032,2520
7b76a00cfb3a,4248,3480
8ded0693be5e,4240,3480
2512da499679,4240,3480
9d703123c8f8,3032,2520
c69d153f6ad8,2992,2991
d39c70f90d67,2728,2403
7faea59be3e7,3048,2536
88ecfea45ef4,3032,2436
b621bc3532ca,4240,3480
16219815d303,4256,3488
80eab37b6bf1,2996,3052
4c97b5cd1274,3032,2436
f5cf77bb0276,3052,3052
472b6afa3709,2836,2336
20a040efb0d8,3408,2800
139a8476e9de,2992,2991
a34fb36c1563,3408,2800
30782c5ea39a,4240,3480
92433ed035bd,4240,3480
b10c6aaeb773,2836,2336
7eb3b85fb3ae,4248,3480
c9ff3098d302,3048,2536
6ed447bd8557,2872,2416
3781073f1bcd,2880,2540
424eb6da8bb8,2836,2336
854d2bbd5502,3056,2544
7d91b9db5089,2832,2320
500c402a7e56,4256,3488
1823b7641c64,2872,2416
b7f90870e6cb,2992,2991
70113b96d1a4,4240,3480
e393f9122068,3032,2436
8e1f25bdf6ec,4248,3480
c7b15df55367,3056,2544
106632672b95,3408,2800
77be80db6930,4256,3488
3a750a490193,2836,2336
dde89852ae66,4240,3480
b09a2d5cdd2a,2981,2958
e03c29566ed4,3408,2800
5a945cc5cbbf,4256,3488
686c25134e34,3032,2520
5022177a3ac8,4256,3488
72e6cd168bd6,4240,3480
dd4b855fb596,3050,2539
eabfd532779c,2836,2336
024875121068,4240,3480
637c1043adba,2992,2991
3bea5bdbe6dc,4240,3480
6704fd5a65b9,2021,2021
68ce4e0fabae,4240,3480
2c130ee08736,2836,2336
2f700a7204cf,2938,2423
9eaf8578792a,3032,2520
ea3ab6f3dcad,2500,2048
ba455bb9a92f,2836,2336
cbe829d103c7,2836,2336
1d9dd17d19fd,4256,3488
90257c83f23a,4248,3480
a5beac3d9fb4,2836,2336
9d6115245977,2872,2416
9a1809c1437e,2446,2010
4dd819383579,2772,2336
71e0d3c3bc14,2880,2540
4f0f03727fad,2750,2336
4ec4f6830669,4248,3480
84ebe5bb9635,2872,2416
3a8bb39a1bb4,2446,2010
e5ea0d324c34,3296,2586
581fd56bc4bf,3480,4240
f0a83ca8133a,3050,2539
8798f704cce8,4891,4020
0283ed37496d,3214,3201
d9893c485b74,4248,3480
f8e17b1c73ff,3027,2516
8df39f4dcd7b,3316,2870
12bd82003c3c,2836,2336
4f08261dc040,4248,3480
c64ddad4795a,2836,2336
4e95d8ca7f2f,3032,2436
f99fd61d4072,4240,3480
35a789322c1d,3052,3012
7e7fc6fb3d0c,3032,3032
004cbd797cd1,2992,2991
0b33282b08d8,3050,2539
22b331ed8fe1,2836,2336
9f84c882d1dc,2700,2562
77051a42923e,4256,3488
9af4cef63686,4256,3488
482b482773ba,3005,2726
058d56025fa2,3056,2544
c9376e373c2f,4248,3480
534e868ea32f,2982,2491
8ab8682e8bc6,4240,3480
0e35dea2c13f,2359,2474
df565bcf3504,3052,3052
a5258915a31b,3040,2560
c2221c57b881,2995,2992
ffd91a2c4ca0,3408,2800
b923b00fc992,4240,3480
fad728091654,2802,2801
ba5ddbfff6a9,4248,3480
2984d39e3801,3408,2800
f2633be66b0d,2832,2320
c79b8f10427f,3050,2539
41c34c3d0d4a,4248,3480
c72e26e9ecae,3408,2800
89cf5d968135,3032,2520
68ed8274ae7e,4240,3480
e3edceba83e7,2836,2336
9319acd2ff28,2742,1882
b060a35658d5,3050,2244
74ad868fbf7f,3032,3032
c4b4890357fc,2880,2540
4f61de575e1a,3032,3032
9f34719296fa,4240,3480
6ef10f0b23d5,4256,3488
52fa3d2e2eb3,3488,3488
7f8c2bb053e5,3032,3032
50903e9be6fd,2428,2428
a885755619ad,2836,2336
330f08b39d19,4240,3480
68ca41778c30,3048,2536
9fbff9021743,3032,2436
86d74954b96a,4248,3480
71dc037443f4,2832,2320
c0e8c63f22c5,4240,3480
1808bdef30dd,2836,2336
bd7ffeb9da89,2828,2320
4aead97c229e,3249,2471
538525f017ca,2880,2400
c725f6525409,4248,3480
793a80ca32cf,2980,2822
a5a364383f34,2987,2781
17da9d9c513b,2320,1720
cc97e12153ae,2880,2400
46693c940f64,2836,2336
05c063f5cef5,2987,2781
ed8e9c18f3aa,2832,2320
26f643772090,2987,2781
738a252ee73d,2832,2320
0575769456b9,4240,3480
7ba4420fbb89,2928,2328
2ec8c6e591f6,3052,3052
3646ad5794bf,2846,2330
815e758da8bd,3072,2560
c74d0b00b765,3050,2215
32d66d7bbb5a,2846,2330
589bc7a8c4ba,3056,2544
3d0f367e5e17,4240,3480
e01e499cb1f3,2836,2336
20827c4abed5,4248,3480
5d664f9e5965,3056,2544
505693d77a18,2836,2336
744778647fa2,4248,3480
78bcfa26b0f0,4248,3480
e300d0904927,2880,2540
76c66ee8e58d,3388,2963
4c414b793562,2987,2781
356b6b275c2b,4248,3480
c821fc996d82,2832,2320
7b3e9f13d4e7,3388,2963
04cc2f7f4c4b,2987,2781
4444cafd21f8,3032,2520
b121806162c3,2987,2781
f2a37ea4c3f3,4248,3480
aab792cab057,2846,2330
d97a82ad2559,2798,2801
bdae2204d3eb,4248,3480
48c0fea2d415,2837,3047
2ce04c0ddb64,2836,2336
d3c5da1c1b1b,2140,1760
3c2bdbeb0046,3048,2536
7d610eaaecb3,2836,2336
01bf68877dab,4240,3480
bf3cd81b532c,3005,2584
81493e510606,4248,3480
89fc91cc28bb,4240,3480
7f8227faa07a,3032,2520
1ee8f6cbb6e2,3028,3052
b63360d53488,3408,2800
51718c743e81,2836,2336
f825c4eda7f4,2836,2232
b84d54b8f940,3032,2436
538916a496c4,2802,2801
6732a1608a89,3408,2800
ddfb77761fa0,3032,3032
95e0ef4a2016,2836,2336
ae29dd71ffa2,2988,2980
0583141e74d8,3056,2544
065fb159fd49,2992,2991
9a4d6452d998,2802,2805
89561310a324,2140,1760
5ebf5787e623,4248,3480
05b8ef849c25,1387,1140
e87a25f68d8c,3056,2544
b0070fbe180a,4240,3480
a3f371ac6ff2,3408,2800
9774d727d492,4240,3480
a61ec2856ea1,2974,2959
8b86757fa9fe,2655,2198
e037b8843af6,3032,2436
faca5b0d2002,4248,3480
b415ed817ce4,4256,3488
4e8a9f4212c7,3028,3052
b713660c7f89,2836,2336
35d4359edb51,3056,2544
ba91ac5eeae1,4240,3480
80fce345720c,2836,2336
cac34fa486b6,3050,2539
eb0852368951,2829,1998
c04e00187179,4256,3488
7e4a4ef3ff9f,3316,2870
5a2487b8efd9,2140,1760
052f53733165,2320,2828
d52129d63a30,3040,2560
52478e480a15,2846,2330
21f6548ae9d4,1844,1919
3cdb285b3a43,3056,2544
5a462d6eb606,4248,3480
518e12fc469c,2814,2330
7fac771f8c22,4256,3488
2dff913a5fa3,2802,2801
0846e5c4dfd2,1742,1793
4f7d8597167f,2992,2991
47146f12882c,4256,3488
7a9e05e5bdc6,4256,3488
b1bed038a501,2836,2336
216f1644fc2e,2992,2621
7c5dcf4ebb82,3408,2800
1bdd9b4f0781,2880,2400
2a7a456d367e,2836,2336
ab1b0948a01f,2880,2540
335bfcc61a2a,2872,2416
9b35bba51862,2963,2947
307f96b74288,2832,2320
98721e6d2bde,4240,3480
60fecf059f05,3050,2539
1bb88226bd2b,2832,2320
93e2ba184079,2765,2336
91abd96780d5,2765,2336
f43913da5bde,2836,2336
fe1bd72325f8,2832,2320
a94171e98807,2836,2336
0f753ccffca5,3032,2436
d2c30082b78b,4248,3480
b22add731981,2832,2320
4ff7b31b3269,2988,2996
072726117f1a,2836,2336
f217982afb62,3027,2516
422ae42d46de,4256,3488
04c1af6cb8df,4256,3488
9aa0a71a5c19,2140,1760
b0866caa201a,3050,2539
bbd943e3297c,4248,3480
7919006c6312,2336,2836
043d37504ca8,2992,2593
f228350bd770,3032,2520
0f9ef2e963bf,2446,2010
7d8fed719442,4248,3480
3a3d1ed85206,2808,2874
dd62b538b6cd,2880,2540
e8bd4eade609,3032,2520
891c1b0a13dc,2846,2330
e7e96a713fc6,2836,2336
f2044befe4f9,4256,3488
ce487da64f9f,3048,2536
3981fd745610,2834,2510
cade101ed1d8,2836,2336
1e82f179e878,4256,3488
139af9440cc0,2836,2336
af605c51876c,2992,2991
345ff154ba07,4256,3488
3e2425729f4e,4256,3488
731fd80099b1,3408,2877
a0464a69be84,2780,2336
3c95896feb4e,4248,3480
2967d69518ac,4256,3488
e1fbedcdb7ba,2836,2336
105deb886dcf,2975,2455
f2e5092f45f5,2012,1723
576d88aa052e,2836,2336
a39da0651dbb,2840,2874
8fcdd69753ab,2846,2330
dc3922f524a8,2990,2982
68ad4b624a6d,4240,3480
d234d34f4774,2836,2336
9fa2bf4f4bc2,3050,2539
246ecfa577ee,2840,2457
0936faae80ed,3056,3198
cdb14d392b0b,2876,2833
bfa9733f4e2d,2836,2336
392c3b657bc2,2836,2296
04bf2d19ee4e,2836,2336
ff7663694713,2996,2996
dfff667be98d,2836,2336
ce6d7cb9321f,3056,2544
bee62c601ae9,2987,2781
93bba7a74049,2446,2010
0f0b5a304a47,2832,2320
6abd41e48004,4240,3480
156cb1f5c689,2987,2781
2d50da581cb3,4248,3480
1fa7cc9dd7d7,4248,3480
c6e92e59a0ae,2987,2781
735e6a12b1b5,2840,2874
ed9b7e88b259,2846,2330
4584a4dd0ec8,4248,3480
f43ef9430a14,4248,3480
ec6252fdc2a4,2446,2010
2eb83e7d6a43,2992,2991
008ff73b4ef3,4256,3488
e0ea12e9db87,2802,2801
ac212043ee3c,2836,2336
0d9bd01268f5,4248,3480
ddf602dbe58f,3032,3032
ac979b5bce43,4240,3480
7626c521cad7,2836,2336
27adbea6c748,2836,2336
fd46997f5517,2872,2416
f78663a47369,4248,3488
c47049befba6,4256,3488
57c6e5cf617a,4256,3488
b88a75e32f70,3050,2539
6a90613b6bfb,2955,2914
052a3d6d08de,2850,2233
346ea1e7619e,4248,3480
f5f7e46988f5,3032,3032
bb2dbf6eeb2f,4248,3480
f2c60dd904ce,3050,2539
2ac27ce316d5,3032,2520
08acae0bf785,2695,2966
d0b9ae5271dc,4248,3480
880c10b2c075,2992,2805
289057c7f38c,1387,1140
ebf481813f73,2880,2540
d10f9027aaf3,3032,2436
265c8659d53b,2320,2828
b9ab87190a1e,2999,2876
d0a5d4dbfd76,3032,2436
92b8c6bdda37,1387,1140
cd6e56f2f2ac,2832,2320
c5825d7b769a,2808,2874
ab03f7662b1d,2872,2780
365bfe0fe404,2832,2320
87d22d9e1136,2140,1760
9544a8924cb8,4248,3480
e26f0f351cc4,4256,3488
50416d1b6ec8,4240,3480
7f5bf4d22256,2836,2336
87236e3ea6b3,1387,1140
42741418faa7,4256,3488
abe7166bb280,2798,2801
734261399d24,2012,2012
c9a9e5e120bd,3408,2800
6c15923d252c,3056,2544
2e77ee3c9846,2622,2330
fa183ba97096,2836,2336
48a2d8eba182,3050,2539
7190eb5e2f30,4248,3480
bf0c71616088,2836,2336
c4c6b908c973,2434,2473
763b2412292e,2765,2336
c51c820efe4a,2140,1760
4d3e8ec75220,3052,2948
2529d7e89b5f,2802,2801
3d6c5fa4b95e,3050,2539
b8b7df1b6e04,4256,3488
32704c6f65de,4256,3488
ae57a6f39511,2319,2161
d69a7e63c358,3032,2520
dc3934dc9f96,3032,2436
a244a1bc9130,4248,3480
11c63a24c216,4240,3480
2db35831f400,3052,3052
220d7304a493,3032,3032
1dfc407d4450,3050,2539
ee91b74fb1b6,3105,2502
ad3577882efb,2836,2200
fa0fd4ca39e5,4248,3480
cca1c1a5635c,2846,2330
e10514002e55,2140,1760
f11cdf2bbf5f,2140,1760
beba206be689,2012,2012
73b965e6c11c,2836,2336
c4dfb1c766c1,3117,2800
14fe3a3839c0,2835,2538
f78f90e88861,4280,3520
8ece05be5b24,2836,2336
7438f3fe070e,3050,2539
f6b904159835,2836,2336
52420ef26cc3,3408,2800
22e930bb575f,3480,4240
cc1b73f49815,2880,2540
d69d5e7600e2,2802,2801
4496cad92371,2840,2874
5072f184d3b2,3052,3052
f1d6ae8de9dc,3048,2536
ca614678802e,2832,2320
33c026e51b02,2836,2336
cc3d98f955f5,3056,2544
93301812b0e7,2492,2374
ca7a6f3f453c,2956,2539
48754b579b77,2872,2416
6769744fcb52,2464,2470
8925b615fc62,2428,2428
aac2ef61107a,3032,2436
a5ec3831886a,2836,2336
3b43e17c13b4,2846,2330
93a1b92fa183,4256,3488
ba734a9913a7,2872,2416
55e22c0c5de0,2880,2540
796c8b8701bf,2836,2336
f389be3e30b5,4891,4020
847f48f57169,3032,3032
4b79ad26c2bd,3052,3052
2b27a1493624,3032,2520
de3f49a6fa45,3480,4240
5fb9c3bc1e1c,2880,2540
3b9431421ee9,3050,2539
bb52c80c7f45,2836,2336
7183445f4d28,4248,3480
9ff5f68bc380,2836,2336
262dc03560d6,2880,2540
f4bd569a9c2b,4256,3488
40ba7131aac7,3000,2560
a422012bf2b1,2140,1760
8f50572ee0bc,4240,3480
a2a5696465d1,2832,2320
c6f65ce3990c,2539,3050
095b28ad701c,2880,2540
7f56ffb926a5,2836,2336
5f6f288f7302,2840,2874
7d47d7c39f13,3032,3032
6a5c1e638c4d,2955,2936
aa653fe0943a,2012,1747
76767c467873,2698,2388
ad3c74405f70,3032,3032
78507c170368,1387,1140
87b34dde6c8c,4256,3488
a912dd6ae964,2992,2991
c082ad097fd2,2836,2336
d510dfa4b13d,2880,2400
d176b5544d10,3032,2520
f3728a2aa0e9,2832,2320
c50f63f7cbe9,3056,2544
692bdb3acbd8,2525,2064
e8722d57cefa,2957,2964
5abee60d1a9b,2806,2330
9ac13db7cb74,4248,3480
bf86fc3c72fa,3000,2658
d9a7611d9adb,3408,2800
d6bf0facd8c1,4240,3480
d22e319dbfbf,2836,2336
474498926717,4240,3480
4f0abed3f35c,3032,2520
68b91c11b2dd,3028,2796
09236f094647,3027,2516
d19332cb71d5,2802,2801
2350bf9d5b09,2798,2801
fa9729ef16b6,2836,2005
aabc9640011b,2556,1987
0060e4f54aa8,3408,2800
4ebd5e9e1235,4240,3480
79d3329ab044,3056,2544
620da9404a7d,4248,3480
f5451a98d684,2880,2540
725328925e0f,4240,3480
9ce5032a4dfd,2832,2320
6ea732c63929,4256,3488
fa38e3491eec,3408,2800
d21b4a712efb,4256,3488
4368a4b5ad6d,3056,2544
5e748e15c33d,4240,3480
53989cc7039c,4256,3488
8293e88f28d6,3056,2544
361df3525851,4240,3480
f065b45d0cfd,4240,3480
0da9fb01f04a,3056,2544
6f5e70a99d77,2695,2966
694094fb7f6a,4256,3488
160e0c7bb0bb,4248,3480
0ead88a9e781,2880,2540
926eb1acca79,3050,2539
7b6dea79f2aa,3052,3012
d6ae3b32db56,2992,2991
1fce5a22d0ac,4256,3488
5b8a35fa9e37,3056,2544
ab0a52f278e2,2446,2010
087104225581,3032,2520
0d71137b53d7,1517,1620
92b99745dee6,4248,3480
caa3f0f2c0a6,4240,3480
b929d2a97d34,2832,2320
9ff246567c0d,2836,2336
7b55ab8c5922,2568,1899
ab37848b342f,2836,2336
ef6e312ca719,3032,3032
59bc532be971,3056,2544
38fd3c9ace4e,2846,2330
c957ee30525d,3056,2806
aa301afc5162,3052,3052
0e600ff9b0e7,3032,3032
dcb374d8387e,3032,2520
3f7e9b2c2135,2832,2320
7319e0693070,2836,2336
2e25f3c0102a,3056,2544
494da3247825,1387,1140
2090e218807b,2836,2336
8b2544f4361c,4248,3480
87c718d12689,4248,3480
9f693a11cdaf,2996,2988
b043ad7772e6,2836,2336
814c444eca84,2832,2320
231f8d3c6ad3,2832,2320
8ac094a0ec17,4248,3480
e2b1bc1970e1,3056,2544
fe94f73e3072,4891,4020
5cd4bb304ff1,2992,2989
7ac86a3de985,3056,2544
7960d64c392f,2654,2517
386dbb567259,2836,2336
38556dd92c13,4248,3480
b065dcd6a453,3408,3320
8e45c71fa47d,2808,2874
d1e20151c1ca,2558,2746
fd2511413a1d,4248,3480
85f6fbecd9df,4248,3480
21febad66242,3032,2520
301eaf1a1afe,3048,2536
21a276623bae,3050,2539
afed0cd3c9a7,2845,2520
a82ef99c353a,2798,2801
3030bfea4cc1,4240,3480
c4aa88e3744d,2992,2991
6ad4a0268f1c,2510,2450
f571beddefb6,1948,1416
95adac8ddd01,2832,2320
11f46d9df786,2846,1962
1ed1fa2827c8,2836,2336
4d21277abe60,4280,3520
d5ca04484172,2740,2336
70bed7100941,4248,3480
9a162b548ee4,4248,3480
8705f5ccccf8,2836,2336
99e598b35a97,3408,2800
60a3a716ccba,2836,2336
e7d2feca5b25,2651,2372
bfbeb29ee542,2832,2320
f9d20afa051a,4240,3480
838c06d70303,2836,2336
22939a011958,4248,3480
36815bf5f063,2989,2956
6f829732256b,2832,2320
db5fabaae3b6,2523,2337
fb46a44c8683,2808,2874
4106134cf571,3050,2539
6e0b1b3031bb,2836,2336
8f1e4442dbc7,2021,2021
bfefe3eb008e,3032,3032
b97ca034b024,2992,2991
193ddd7c21eb,2832,2320
0d2cb1c212ff,2770,2004
af2ae323c000,4256,3488
874176447611,2140,1760
05bacfe4dcc2,2836,2336
0b71b8e12551,3048,2536
bb484ab7a8c6,3032,2436
12051dd9bc93,4248,3480
e827527d7d98,3028,2892
5c4864ceb9b2,2580,2336
741019718830,2802,2801
4f57c61c596a,4240,3480
bd7e35836397,3056,2544
8e1b7d9c8419,2999,2986
fb1e24bf6698,3008,3072
f524075b2d23,2880,2540
d89fce5db16d,3408,2800
e563f54f421c,4240,3480
6f08b0295244,3006,3006
c1249f91efbd,2012,2012
f5f000141a70,4248,3480
6896ce94b652,2980,2967
4d15169fe52c,3032,3032
128304c0b63a,2854,2853
c04ecfe0baea,2846,2330
b94286e2c027,3408,2800
9b07ebb8d30c,2872,2416
938c5b2172b6,2836,2336
5b4f7e62949a,1387,1140
cc69791740bb,3408,2800
094788a1dcc6,3032,3032
c4b9b58c877b,2836,2336
9ec191f47340,3032,2436
e08225736f62,4248,3480
5b5f7675f4cc,2698,2464
507b3c3bac7c,3006,2937
2fa1e735585b,3032,2436
b814a1e29517,3032,2436
85455c7f2615,4256,3488
ea3e1b9dfe65,4891,4020
2feb3afc8481,2806,2991
47754956a330,2880,2540
df7f2edf03aa,3408,2800
b443cd373f64,3032,3032
9d45a7e2deda,3027,2516
2fdadd2d1472,2832,2320
5d793122400c,3050,2539
33493c6da159,2836,2336
fb41ef9ddaa2,3269,2800
71e377c150a2,3032,3032
9449f001b42e,3056,2544
b0ded3498288,3056,2544
803d705a1d33,3408,2800
bbaba561b590,4256,3488
43bc2ec3ced8,2832,2320
c23d57b3feb7,2832,2320
4aac2ad7b8fa,4891,4020
1a983ed158a8,2644,2336
070f57210fa7,2846,2330
73628ee25be2,2417,2417
1dfbfe0ab56a,4280,3520
4e94dc5b7c52,4280,3520
cdf9afc8c145,2832,2320
8866f708d338,3056,2544
527244adaa0d,4891,4020
79f4c8de6d24,3408,2800
90cbf03d5dab,4240,3480
5f8ec78b79c4,3000,2372
66be1a0176b4,2840,2590
f689d30c2f86,2880,2540
0022227f5adf,3050,2539
50d404627d73,3052,3052
a51a85d4bcb0,3117,2267
ef5a412bf92a,4240,3480
59bd5a00b33e,2880,2540
a7077c5d097c,3056,2544
2b96751bae1a,2718,2165
289aa511da37,4240,3480
c8ff18a78550,3408,3320
10e7609e721a,2846,2330
3392e7be5830,4240,3480
8d580fd76487,4240,3480
387d752f1af4,2846,2330
8424b4d2578b,4256,3488
05e9bb2ea225,2846,1962
99019b7af0ab,2978,2962
d6a941d331ce,2982,2614
745d4ff6b228,2660,2180
449d9eb956b5,2992,2991
d24c0de653fb,2140,1760
6792b9b0329d,2955,2516
e00ff7cb62e0,3056,2544
8b0c001206c1,2992,2991
b693419b9784,2836,2336
c12672d401e4,4256,3488
85d276c31f72,2744,2949
dad11df05809,3010,2312
6d367afee473,2614,2344
a6f2e4c387f0,2832,2320
e8eb47bd055b,3052,3052
40e1d57e03be,3056,2544
f20015a346df,4256,3488
b1332e6d75c6,2840,2874
141047766750,2832,2320
9a8d4bf6141a,3056,2544
7966f780f27f,2492,2374
bc364050be9e,2836,2336
e560d795fd8b,3408,2800
ed2e387ef4fa,2853,2999
57a0ab679625,2992,2991
1bbbd65ed63a,3056,2544
78bd533aea35,2140,1760
5df422bc74b0,3050,2100
268f2c15fde1,2836,2336
fe6276b7eedc,3052,3052
436c2d558041,3032,2520
282f671d5c43,4891,4020
bf35bf30d4e3,3408,2800
6b365e092404,3052,3052
91991f8b449f,2836,2336
5115fada2a38,2802,2801
1335b56b7a98,2840,2874
9337cccbc0c4,2836,2336
8d6e322116e0,2880,2540
04e9977554a5,3032,2520
91836280808a,2832,2320
f43d5b013f4c,2846,2330
19ac47c9643d,3408,2800
9c0c6581bc36,2846,2330
cd6ead44cfef,3056,2544
43d8cc4504b3,4256,3488
fdb8954398a5,2140,1760
4b530a6d086e,4256,3488
5fd8813cc3a5,4248,3480
9995d552601a,1387,1140
085d6edba7cb,2800,2290
3968c381c403,3056,2544
f84caac28a27,2743,2398
952d4a77beda,3408,3117
29f2f88bcabe,4256,3488
b5da204ba6ff,2836,2336
dbc311ed04b5,3032,2436
627bebe42356,3056,2544
338c9d452ba2,1387,1140
8c313f2bf15f,2677,2026
c9e99fb05bdb,3056,2544
64038cfed1e5,4256,3488
cb9d91d1b10b,3020,2996
7398f38d9637,4248,3480
f83043bab3eb,3032,2520
cd35cdb7676c,2836,2023
70248cd9577f,2832,2320
f559fa6450ab,3050,2539
a49e3aad5fa2,4256,3488
918882a9619f,2140,1760
3ee11f07a427,4248,3480
aa18b67e9ecd,2140,1760
e1f24fdcb0d7,4256,3488
5b322d104117,2520,3032
669b2ae5a591,3408,2800
792ff5c0e89c,4240,3480
b5e635cb51ed,4240,3480
de8c50c2ae86,3056,2544
28c6ef7d08df,4248,3480
9f180629878a,4240,3480
09e3d02eeb01,2740,2378
8cc308497a69,4256,3488
ab26438e1fa9,4248,3480
bf91bd24437a,2836,2336
238411384232,2836,2336
3ed62dcd8067,2836,2336
2697632d70f7,3480,4240
ebd947e0029f,4248,3488
8bf7d61dddb4,2846,2330
ca0e1d733a52,4891,4020
17a7f3706f0e,4240,3480
8dc3ee79f389,4248,3480
267b2a56edec,2836,2336
077f7a878b5f,3032,2436
a4d4477d16b3,4240,3480
a064ae2fb018,4256,3488
ca4064928726,2836,2336
d0251cb64bb6,2832,2320
f258c4e97218,2320,2832
7087bcc1f1f6,2836,2336
0ab867e40c94,2992,2989
c6e8b3f7ab16,2836,2336
97882874966d,2846,2330
48139bf114cc,4240,3480
0bebbef2a883,2908,2898
57b6a7d68589,3052,3052
500a498ca956,2836,2336
2ce4a103d25d,2494,2173
d93245b3e942,4256,3488
f6cd7aba6e62,2752,2256
94821c5f57df,2836,2294
30a121f4b0ef,3408,3320
60faed59c384,3408,2800
47dc317fb2b4,3408,2800
94bb86698454,3032,2436
7bf1fbc76f1e,2946,3000
4b7487cbd7d7,2140,1760
9614c92b1206,4256,3488
60011e189487,2633,2558
66b86b95c76a,2880,2540
73198db2b8ce,2772,2184
281e109c7644,2880,2540
341d5053ad51,3032,3032
945b1ced5992,4891,4020
546ef744f128,3004,2884
850ee2c7a28e,4256,3488
e75f1c8d6dcf,3052,3052
0a0bb7af0cab,3056,2544
e60a47d36e62,4248,3480
98c466f7ae19,3032,2436
11b670d7c7a9,2119,2024
b76c0e6d12c2,4248,3480
96e6265aa2c2,2996,3052
e8c463a377b0,4240,3480
7d622deec073,2836,2336
95c4e70da771,2446,2010
88c17aa49561,2919,2414
4c3e3c936a03,2774,2648
716a86c7671b,3056,2544
0150df5b6f08,2802,2801
200d32c95698,2539,2741
54bc6a746891,4240,3480
9650650cf7ed,4256,3488
ec31d6a71eeb,2499,2226
a2dda4a8e3bf,2140,1760
03ef29864757,3056,2544
f42957f488ef,3032,2436
3dc7fbd7b8db,4248,3480
a2a58ab94ba4,3408,2800
89cb059717af,4240,3480
61725ce34060,3050,2539
1ec236629e5a,3408,2800
06917801a47e,2480,2395
a4faba634b4f,2832,2320
cb8943349ccf,2836,2336
33dbf62db313,3050,2539
1f56327a6863,3032,2436
b284c7715348,3050,2539
f655da4793ba,1387,1140
8ac7a1e5680a,1387,1140
6317d3955e73,2992,2991
d2c69695f0c8,3060,2548
30eaa5d1c04f,4240,3480
0c71b36d22fe,2836,2336
d72207ab9655,3050,2539
4d768746e1b2,1387,1140
be842d0ed13f,4240,3480
d27bca58e388,2881,2585
b70046fd4564,2846,2330
742bee86b70a,2428,2428
c7f969e8c0b4,3120,3066
f4847d161683,3000,2685
41bbcaaf83a2,2836,2336
2b0686f5db9b,4240,3480
8c760b2d01b5,3408,2800
4ed22347ea95,4248,3480
0abc1b4a90f5,3048,2536
5228f2a518c0,4248,3480
bb5ea9bc97fa,3408,2800
66c53504185f,4240,3480
41246a664266,3048,2536
df6a69dad907,2398,2183
f26705a28681,2836,2336
18e37565d51f,3056,2544
ada5b8897816,4248,3480
3e8932af3c6f,2836,2336
4615024f5104,2836,2336
fc5bdb8896cc,3052,3004
70e09e25147f,3408,2800
55b7e0151363,4248,3480
414df02ea5a9,2756,2877
0afddb5bcebe,2836,2336
4bee3fb83d26,2836,2336
e1a5f8dadcd7,3056,2544
499ba19916d1,2832,2320
55a158b0d408,2836,2336
390dba6691ee,2832,2320
87b09a580230,2544,3056
9c5150d9ee48,2872,2416
bd9172a53765,4256,3488
bda207b3332b,4248,3480
510b6d43d8e7,2974,2569
e77e6c494060,2992,2991
1c98c921ee08,3032,2436
d1177ea789e1,3056,2544
323f67b8e2f7,3056,2544
a0dd4b6ac5b7,3032,3032
b77430575510,3032,2436
e5ed54bc95ec,4256,3488
ab787975fed9,4240,3480
1700e25c3938,3050,2539
6de594d1d480,2820,2336
e33bf633076f,2832,2320
b2e6aaa32f81,3056,2544
76441f9357f5,3048,2536
ca0954ad3209,3052,3052
ee6fa7832bc5,2836,2336
22c3bf8c1c0a,4256,3488
ea684a998f51,2980,3052
e0e275ca2950,3032,3032
9af9857fa513,2957,2971
2fdf3a91ebb5,4256,3488
a348fd28fbab,3050,2539
20b3251b0657,3032,2520
e0309637bb7d,2880,2400
32d17b280132,2947,2475
f5af0ed4c2db,4240,3480
73866ecebbe0,1776,1887
b989acc3c046,3032,2520
4d40e3259fb0,4248,3480
be5cf8ac3e39,3056,2544
e036d76bba8a,4256,3488
49d437cbcfa2,3032,2436
50ce4338c040,3032,2436
0a31f51a2bca,2992,2801
2c4e95472ebb,4240,3480
7fe11cfd6e3d,2836,2336
51df7e6104bb,2832,2320
2d72d653c4ed,4891,4020
d4233665595c,2836,2336
21eb21ab4e57,1387,1140
b78924e27261,4240,3480
17fb68565593,4240,3480
4f3bfae7817a,2703,2580
02d302d64d58,3032,3032
91626ce94649,2832,2320
9622d72ab28d,2992,2991
8eea5262950b,2846,2330
791fa4f624b1,2140,1760
c3f309dcfce4,2836,2336
04f510ced363,2990,2400
4cbc8627d812,4256,3488
8fde662c33b9,2588,2336
01a869686037,4248,3480
8e3a2441aead,4248,3480
5726e96c702b,4248,3480
4bddd9ae23b1,3056,2544
f08ac37f645d,2832,2320
c70559fb0f7b,2880,2540
efcdd518273a,4240,3480
ee46c42398c0,3056,2544
6373fdd11ed0,3032,2436
9a54b94d509f,3072,2560
c4ddcf2ca1ad,4256,3488
8449c27bfa17,2836,2336
010a18b0c868,3032,2436
8386714bd441,2808,2874
db44f30cd797,2872,2416
6bbdc3314c0f,4256,3488
0f77ad2f9a12,4256,3488
789a6ee00858,2544,3056
af004ac2a000,4240,3480
5d14f3d47f53,2816,2816
3aad9cfe4cb1,2140,1760
f2e95fde7e62,2872,2416
cb006ffb6359,2873,2399
fa3e2fc1208e,4891,4020
b63ca8a1327c,3032,3032
89bce5dc86f1,4248,3480
36fb08cd22db,4248,3480
d66def7ad874,3052,3052
6dec3f793d4f,2431,2010
5e14522be0ff,4248,3480
2870e488fd4d,1387,1140
be75ab9cecce,3032,2436
e2ceb2625b68,4280,3520
cfb307bfd554,1785,1747
5713ff0665cc,2802,2801
1d59964d508c,2836,2336
fb3ce0fa4eab,3048,2536
8bf9d86e8a74,2820,3012
9e560334750f,2832,2320
0933f436d8de,4240,3480
b2d488f8ad98,2836,2336
145d5ca87841,3408,2800
5e0c5bcc27c7,3360,2800
acab14e0ed17,2836,2336
124d0765c82a,3408,2800
1160b9f2f639,2544,2399
8eab0a525c09,4240,3480
ce3dd1c7183a,2756,2336
9950c96ac73f,2836,2336
000a312787f2,4256,3488
f3d8c72372fe,1387,1140
c59cd49adf61,4256,3488
4e57e406999a,3000,3000
d737a0d185e4,2877,2136
3020a0522e22,2832,2320
6df74f84cb1b,2012,2012
388b0d5fc3a4,2566,2586
3196ed78c313,3408,3320
564e4f8c9746,4248,3480
2cb791040cb1,3052,3052
8a278c31ad8a,4248,3480
2d608b540059,3050,2539
4254395bc50a,4248,3480
b812e01902fa,3408,2800
6713c2b6c0a6,3032,2520
22bb49cfe204,3032,2520
ac656e2690b8,3050,2539
e6708e7b9599,2867,3072
755d8958d8eb,2688,2427
704382efd7e4,2846,2330
6c2f898525f8,4240,3480
3639033d59f1,2766,2330
c726326bbf49,4240,3480
025bf835bba6,2846,2330
73d080014eb0,2832,2320
741238a3e28c,3006,3006
e7f48029ca34,3408,2800
da4daa1dd48d,4248,3480
7378dd10d817,2140,1760
503563d744a1,2992,2991
f38df7a70d64,3056,2544
75e071672a9c,4248,3480
d64b8920a193,2976,2395
1dce4725ad14,4240,3480
9f232f88e112,3408,2800
b1ca7924e915,2832,2320
c3e1be838c3e,2788,2764
199d7f72b1ae,4248,3480
ef0d12cd15cb,3056,2544
e82262e21378,2846,2330
9fcbe25a88e0,2836,2336
38054829617c,4240,3480
2ca1a13e2349,2140,1760
9027e541f1f3,2836,2336
f293762cef58,4240,3480
d33c3dbebc68,3032,2436
e783263e5104,2962,2972
408019f25092,4280,3520
7f69d51425a8,3010,2336
246d60d4df0b,4256,3488
e3a2ab6bf73e,2707,2648
a344911414ce,2705,2519
c0159b677bda,4256,3488
c76c328e29b6,4240,3480
346642f4ecbf,3056,2544
aaa47fa94799,3032,2520
c4812db46b98,3052,3052
cfd34768503a,3032,3032
057889fefcb8,3000,3000
6fd22253534d,2832,2320
b8ce5c831d0d,3056,2544
09ef8986f8a9,2140,1760
6ac8639dd416,4256,3488
90dad484899f,4256,3488
3d799d78b9f4,4256,3488
54f912577306,4256,3488
49a9c7d8a603,2802,2801
59710cda6113,4256,3488
7b3cd095516f,2872,2416
d336c2858bc5,4240,3480
7231961852ab,3032,3032
f469c2411610,2846,2330
1af51de0fc72,3048,2536
1de0ad5314cc,4240,3480
8d025358b1fd,2836,2336
f5983f676443,4240,3480
9b52e8dc03cb,2826,2805
29d069e58dc4,3480,4240
e5087d4dc8ca,4300,3494
5f7a874fa09a,2673,3000
5146b7667126,2893,2648
42fa8da416c9,2836,2336
7ba2d2724bc2,2802,2801
d048ab876687,2140,1760
42b46c2e9d1d,3408,2800
45aef07500cc,4240,3480
26ee2cdb1285,3052,3052
8881c07203fc,3032,3032
6483231bcfbb,2802,2801
f3fc1e79d804,4248,3480
2ebe16a053fe,2140,1760
d24a156ea19b,2836,2336
ddcd4439e1ff,3056,2544
8f1f77659cb0,4240,3480
2b75e15bcdb4,2862,2515
100d5c96b1b4,2979,2975
fe7714da5092,2377,2797
1bee61c7d690,2802,2801
f087281fee55,4256,3488
202bc0f993a0,2836,2336
bc43318a5541,2834,2431
0deb5d15a777,2992,2991
c0fe3d5ef9aa,3027,2516
fa935d855d4e,2992,2991
8e71593ab832,2804,2115
c2fc38553d0e,2840,2874
18f25691bb6e,4248,3480
a358c90efcd5,3028,2948
0c7e3c0eda27,2140,1760
ae3d5da58736,3032,2520
c59153ee80bf,2832,2320
ce4453a6c7dc,2836,2336
2685501d941e,3072,2560
34ef59b07c95,4228,3934
a063f2a5559a,4248,3480
6be787214658,3032,2436
5c7b5fe49437,4240,3480
26b96183f262,3048,2488
7f72568692d9,3344,2800
f57dc3a872eb,2846,2330
28d1dc56e056,1387,1140
df2f7b270226,2836,2336
d540d6c2a425,3344,2800
525b87af9639,2341,2453
1e136f0e5958,3056,2544
4d904469de66,3408,2800
610e8f32e845,4240,3480
8390ca18ba00,3408,2800
f6784cf220d7,3056,2544
e98098b26a0f,2731,2336
ab2579314e0b,2828,2320
29f06cd1c344,2836,2336
b811b17588be,4256,3488
35ea2c9841c0,4280,3520
f00ddc79378d,4240,3480
cd04ca4ef72d,3408,2800
1a432407728d,4256,3488
17538bc27057,2836,2336
8f5e2fe46848,2928,2328
2ae32e83cddc,2840,2874
59841c26b523,3052,3052
a96dd75ea710,3408,2800
ad43f0f0bfa6,1387,1140
8cc5a8fbee91,3032,2436
81965b5cb107,3032,3032
511c36c35f40,4256,3488
6749c82ba05c,3052,3052
d180fed57716,2983,2978
5a55014dde37,2975,3001
f232cd331b2e,4240,3480
19701de5ae89,2836,2336
e0d28f9e1fe1,2985,2985
11ec6d0cef35,3052,2964
c342453827f9,4248,3480
8a4d347e8ae1,2832,2320
b1cd27e802aa,2836,2336
5918b66c0b79,4248,3480
76f5b501a474,2832,2320
04427f45efde,4248,3480
ea71385ec883,2836,2336
aad8d468f93a,2276,2489
5638228c6fe0,2872,2416
9ffbd356b436,2938,3005
2f425fbd336f,4256,3488
0a4c00809b62,4256,3488
eef3a0e47dc9,2802,2801
5581882e884e,2802,2801
48d4589736ff,4256,3488
c52e0c1fca7c,2836,2336
97f431ee7684,3032,2520
8f19cdc3e5a3,3408,2800
acac0f331a45,1387,1140
689de19fcc96,2992,2801
46b901b063de,4256,3488
f510f6ecd229,4256,3488
65f956401813,2880,2400
fa670ade72cf,2832,2320
085170457a04,4256,3488
e1a9f6ec7130,4248,3480
12e97ed89297,2983,2978
f9a92f1ba934,3027,2516
f0e2e2c38ace,4248,3480
7b044ee686fe,4256,3488
dc7851676688,2832,2320
ff7659762b75,2992,2991
82ac18114c98,3032,2520
fba09e49ca1a,2872,2416
5ea193645ede,2802,2801
30ff8e344be3,4240,3480
329087aedd90,2872,2416
197c93d57a63,2802,2801
e0f2b39fd05f,2992,2991
b1577bc61e24,3056,2544
276f6e25e85f,4256,3488
bd4b6cfeddee,2836,2336
2511842f8d6c,3020,3052
e58d5ee3d196,3056,2544
769d5c10878c,2836,2336
3105dbc1d0d8,3032,2436
97debe0b73fa,3032,2436
5e68dfee737d,3032,2520
9ecb1253f647,3052,3052
8b6c243306dd,3056,2544
767e40503353,2836,2304
766368dbf02d,4256,3488
e229a2361529,2836,2336
681ed0b5dff2,2928,2328
e7c3f21a9b8b,2880,2400
30987888d494,2979,3000
1174cda6b0c8,3408,2800
f6633acc99d7,2836,2336
049e68c02a31,2836,2336
befc0ffd84c3,4248,3480
ca6a4aa1dc10,3052,3052
ef690fe6f288,3408,2800
12445a7c682a,2832,2320
fd86888c63e2,3020,2492
ef56cd9d3102,3056,2544
6481fe0dec1d,4248,3480
a718afdbfcd0,3050,2539
3c77a5755aa7,4256,3488
f873979cc0a8,1387,1140
3ce9e3acf26e,3048,2536
2cdc7c6d320c,2698,2459
59dfe8cbbf60,3012,3052
a6840daf11ba,2836,2336
760b6875a1f2,2140,1760
5378957d31f7,2836,2336
4515ae811cad,2836,2336
d9a1e0ca662e,4891,4020
f7a5935dee5c,3050,2539
c9cad7e72c3c,2836,2336
dbb746d86776,4256,3488
eb693bd6b5db,2846,2330
a94823f01ad4,2980,3052
d106ae04cf2a,3032,3032
244776b92aaa,2698,2520
9b3d574321bf,2802,2801
65cc2ce89d98,4248,3480
badf2d31cdbd,2836,2336
03cafeb389a1,2140,1760
35d959a61be0,2836,2336
3c30656628b9,2832,2320
8a2db7bfcc6c,3353,2917
1bb6743c7c3b,2840,2874
b2278dcb3736,2802,2801
d1ad910a2738,4240,3480
8ec8d01b5926,2836,2336
bc66426a755f,3050,2287
e5ffb49e8255,3032,2520
dbadb3db684f,2815,2330
d38cb782f0b3,2140,1760
545394de9427,1760,2022
bfcc54749d3a,4240,3480
0bb57a489eb2,2840,2874
dca9116538c8,4240,3480
db4de26ecd1a,2836,2336
38db8a56a857,4248,3480
f360d9cdcb1c,3000,2382
85dd5b23ecdb,2330,2614
da6cdab00d05,4891,4020
c69780c33f5d,4256,3488
666c29095860,3119,2752
f87c7918e5a5,2140,1760
a323ac110aa6,3216,2800
212f421e7817,4256,3488
13b742f56244,2832,2320
67711054b6b0,3032,2436
27aa1d7c5cfe,4256,3488
12a2dfb55b6f,3408,2800
3dd07c4082ce,2832,2320
dd3174ed1ffe,2928,2539
8240119d5df9,3032,2520
a6f610cc46fb,1387,1140
9745a7b0789a,3056,2544
7e7d3afebf5d,1356,1486
30f2bc7c36c1,3056,2544
94726c8d95d7,3050,2539
f8d007c04d2e,3408,2553
5b1a846b9f01,2840,2874
e0e1e1462e56,3032,2520
1a217a778cc8,2832,2320
b4bfe6d08e3a,2937,3006
ad6739e57e8a,3032,3032
bfd9e6ba46ec,4240,3480
ecf80e899d12,4240,3480
54c2a4ddd625,3032,3032
ebe3be9dce95,3001,3001
afe51a83f018,3052,3052
29087adf8365,3050,2539
f99ff59c6cbf,2802,2801
2f5e2a2e2888,2719,2438
ac8ac6f5f955,4240,3480
63d91d1f0079,4256,3488
4848102c0829,2836,2336
3f4bf5c485de,4256,3488
10c73504fb7a,4256,3488
30e48b48c7a2,2832,2320
aec39463226f,3264,2511
c8e0df4e74a8,2880,2540
8c1bc89a7fd8,2472,2275
8b3c74ff1286,2836,2336
e590e800f892,2832,2320
8f7408796dc0,4256,3488
bb9ab7ff9a3e,4256,3488
12b278488315,2569,2556
427796a74e48,2140,1760
213254f5b712,2802,2801
504a58645eb4,3048,2536
9abdc8915dd7,2690,2605
32579cfb5545,3032,2520
a8b68a68357c,3048,2536
ef0cc8c0e7a5,2949,2688
6551d8bd1375,4240,3480
a815876879fa,3408,3320
543c28bec251,2140,1760
426981c72215,2472,2618
6797654b79bc,4240,3480
d7f362e50e67,4280,3520
5add73b3cf96,3032,3032
744427c7dff8,2472,2618
ea0fe8beeff4,3052,3028
d3376705baa7,4248,3480
44325f6654eb,2140,1760
f057e0855ed7,2670,2569
e57410a08780,2836,2336
e80c89022e94,2836,2336
1e49f0f6e286,2836,2336
3e408e283074,4240,3480
292c0aeda46d,2880,2540
58e8657086ad,3000,2372
cd92d4f5cd34,2832,2320
29b8064bf6bb,2740,2336
e84db53ccdd8,2846,1994
cf80f5e3c664,2836,2336
338586b4f0f0,2992,2991
5c259e6fe19a,3050,2539
eb255becb30a,4248,3480
154b4cf14732,2828,2320
f4554ede3eb5,2960,2536
82bbfbe2fc2f,4248,3480
a6dca97e3503,4256,3488
e58c692fc0f4,2140,1760
9580e2f9a387,4891,4020
5bfab860f585,2700,2336
5ab8f8d435b6,2333,1883
dcff24f469a5,3056,2544
94f5059d203b,2992,2989
a26db5e118a4,3408,2800
7e73090ccd27,3029,2795
5b4bd8fe8138,2832,2320
64caebbb734c,4248,3480
68c53e6fabfa,2716,3000
644c672c4b33,2846,2330
ef1a73df3463,1387,1140
47117960dc9b,2802,2801
8796d926ea05,3056,2544
cdec3b50c873,3056,2544
5489fb161045,3050,2539
bb0435db5c6d,2840,2874
ddeaa63c178c,2140,1760
467f412db5c4,2858,2800
5b73614b3664,3032,3032
ee9757492b6a,2802,2801
0d3910133fbe,3032,2520
606d6922c2ff,3032,3032
a91c8ab91955,3050,2539
248b354154a5,2832,2320
6b9250650ca0,3032,2520
4527eb220680,3056,2544
b0fd33e251f5,3408,2800
80ae40f2e110,4891,4020
5715b039af05,3052,3052
8ddd8b932350,2772,2336
6e668a5bbda9,3052,3052
73f2ed2d8108,4240,3480
f1a3cf9d3471,3056,2544
2bcb650baf45,2832,2320
529866b29d27,3052,3052
830063223a31,3001,3001
dc751305bd71,4248,3480
12be3cb42426,3032,3032
f65f4a57e9aa,4256,3488
bd8a1dc8f052,2140,1760
efc93a3917b6,3001,3001
ac8e240acf88,4240,3480
ab293c13f037,3056,2544
84a8af741443,2858,2800
0841677e7c36,2846,2330
7701656709e4,2541,2375
7b1ec55963f8,3005,3005
979f76ca9710,2992,2991
4c45ed919f45,2836,2336
b71fd0cb927f,3052,3052
16dd7840cee8,2992,2801
5d82aae7467a,2836,2336
5393e1091831,2992,2801
27bd4ea4ed28,3048,2536
10336427905f,3032,2520
78934d688f1e,2836,2336
decb2d392c57,3028,3004
47bdddec0c86,3050,2539
cb8664074d11,4256,3488
cfaa674d0add,2840,2874
1f532ad83e20,2832,2320
7c6565a6a764,4240,3480
b9f6129171e3,2950,2510
cf1b86f4a290,2840,2874
cf2318379a61,3480,4240
5526fe22f7d8,3480,4240
6b0f197bf103,4240,3480
655ef5810a5a,2836,2336
b7aab30569f8,2880,2400
5278186e7151,3032,2520
ecc2572103d7,2836,2336
fc2ca834e6c6,4240,3480
8fba5b1863dc,4248,3480
8f3686759998,2832,2320
f6b28b61d589,2428,2428
5111066268f3,4256,3488
b7e3ed97bf8c,2836,2336
d9f3bd877af6,2852,2607
cbb72f62ba84,4240,3480
dc5f5313b1b7,2832,2320
2ed1dfce5a95,3480,4240
b7923c458faa,2846,2330
a2badfdc90ec,2880,2540
c7e174868af8,3032,2520
7652321644be,4240,3480
9d8d469d6bf4,2615,2555
3356b42f9a5c,3480,4240
37e878f79f9f,3032,2436
764a28b0e15f,3032,3032
f223b3ac4c03,2692,2245
cdf735e56b14,3052,3052
7c048e40d7f3,3056,2544
539b138b6489,4240,3480
5f138fe1ae22,3032,2520
fec9646c8c88,3032,2436
02cfb8970bca,2980,2910
416bc57ec67d,4891,4020
0de9c9327a77,2832,2320
725357f9fa54,3050,2539
1b95284a695b,3408,2800
b785a8ecad29,4248,3480
0ecab6ede004,2836,2336
573186912c6d,4248,3480
764e5d6a8ee2,3032,3032
61d88b0d4fae,4256,3488
8b28d11cb78e,3056,2544
184eac9bf1a7,4248,3480
8e647518a530,2840,2874
8651eba3cad5,3032,2520
b0a5c7a7c536,2862,2769
50804b6043ac,3728,3494
69a9079584a8,3408,2800
2fde99e8eece,2648,2392
448c31846797,2949,2539
6aac8913410b,2836,2336
03f542bf62bb,2446,2010
60bcbaadd32e,4248,3480
171757cb8b06,3056,2544
aa4e8e7e82a7,3032,2436
e5380eb2d925,4240,3480
920b0417df19,2836,2336
6c34a22d6d61,2992,2805
3e2da8980634,2836,2336
11a08a748401,2880,2400
039adaff232e,1387,1140
f9f17f94c88f,4256,3488
55795cc338f6,2880,2540
0b4dcbf237c5,1394,1297
1ca3c3120d51,4240,3480
aa050a07c086,4240,3480
cceb217b80ac,3056,2544
1b0f620e7987,2836,2336
6149ff46b570,2832,2320
c7c8d03d68cb,4891,4020
09beb16a091e,4256,3488
9d5f2ac062ef,2836,2336
96ea7ce0b42b,2992,2991
f79de084ead1,4248,3480
40dc04f31034,3032,2520
891e69e94d41,2832,2320
ac179fba478f,3028,3052
e363ca6a9b8d,4240,3480
1b40dabdbc07,2539,2798
db2dae494c86,2836,2336
d71d584d4376,2880,2540
4d112d7b3535,4256,3488
1e5b41b660ef,3111,2800
708c4da6e70d,3006,3006
8788b97939b6,4248,3480
bc390c05b612,2990,2991
90a345d0ec35,2816,2874
a89597e83359,4256,3488
c1f1c934ffc1,4256,3488
19a7ea1588b2,3004,3052
789c0308e40e,3215,2548
68bc4ba8b00a,3056,2544
d917ca083c6f,2845,2767
05cb1e76a2e1,2846,2330
f5020d2a27d1,3032,2436
c8c73939c5ea,2326,2305
4e3810edab45,4256,3488
e4c021822fc8,3000,2912
94e48bd8b703,1908,1707
b98c0d782ed9,2400,2857
6f9a5f616c30,3032,2520
8af643cb6d79,3408,2800
7d37bf3592e2,4248,3480
fa3a7fe547ca,3408,2800
13d7e98fdf59,2836,2336
cf8ce7627141,4256,3488
4484ae4d0f58,2140,1760
3778b6ed431b,4256,3488
b6915806a2cf,3056,2544
de32dd96114c,3072,2560
c2607cb8b520,4248,3480
af5be2401feb,2836,2336
e1bbc51a5406,2320,2832
f8591469df54,4248,3480
b09aee1fb373,2991,2991
7c1b82387e6c,3032,2520
967864c021e8,2928,2560
c2988b3a25bb,3056,2544
100611817cc6,2846,2330
d5eb2202e59c,2836,2336
0049814626c8,4248,3480
64e8497dacd7,4256,3488
bb4deee16cf2,2692,2900
15edbaf470f0,4240,3480
0cd6f72ea375,2872,2416
173b914a711a,4256,3488
cf3c7be5538c,3408,2800
3068bbb386e6,2554,2989
b7c97ac36b5e,3032,2436
8e300521b87a,3050,2539
18aa500d726c,4248,3480
6226df8a6dcf,2832,2320
0842f032a217,3001,3001
b958a76ecf24,2836,2280
529e5da85514,2975,2923
50c125bba06d,2880,2400
018f32c6644f,2836,2336
ad561049cfd8,2832,2320
c88a7eecac28,3032,2436
ac26385a13d5,3480,4240
ab6c943a5189,2846,2330
2e10eba82c2b,4256,3488
717e09848fff,4248,3480
8c22704eebcf,4240,3480
8d707af243eb,2836,2336
82d0581b0d25,2836,2304
47579020e11c,2880,2315
d3b1687c5c41,4248,3480
61a64b9f621d,4240,3480
c3c9b5c33028,2320,2828
45a8ac8979e1,3408,2800
abb196813f7e,1387,1140
1d60112ec6bb,2644,2336
cf267fe1b881,3048,2536
72108297e0b0,4248,3480
3e119259f2f7,3056,2544
2d82eacde0dd,2446,2010
d8234d413098,4248,3480
fc2e09c26167,3056,2544
3a475d66e444,3032,3032
225e5704e1a8,4248,3480
cd511db130cd,2836,2336
3fdc2614d5d9,3056,2544
72440fab97f3,2872,2416
56e3ae675ecc,4256,3488
85fd2e340ab0,2798,2801
a5e191b5b944,2836,2336
9df36fb4a0f1,2791,2539
eeacf871f2a9,4891,4020
a4cfc6a085c6,3032,2436
f4eb9c0ca79b,4240,3480
3ae9a6bbacc8,4240,3480
ba4493740c5c,2836,2336
e73f2cc047ad,3050,2539
f90e58ab1e45,2520,3032
75646278cf22,2976,2996
6544ff5cf7bd,2832,2320
336db847af0e,2979,2971
9fc4923dd9b3,2832,2320
7194fb62b105,2832,2320
3d46c10c184e,4248,3480
f37d85d13cdd,2846,2330
4fc7220eb319,2836,2336
5a4997c0273a,4248,3480
75ac11cab77f,2987,2954
fc8b310090d6,2676,2336
c09ac038f342,3032,3032
e65bdeabbfb9,1387,1140
7f11df4026e3,3408,3320
54f658731652,4240,3480
49451621d538,2700,2336
6e8b257502e7,2846,2330
52623b67acc8,3408,2800
72483572a348,2836,2336
26c6c25e9467,3408,2800
dc8300b52fc2,3408,2800
66576b208730,3032,3032
73adb26a3b24,4240,3480
7692c8198b0b,1387,1140
d8067f44e3a5,2677,2860
c25217a1de28,4240,3480
e85164fe46ac,4248,3480
4af3b3e55386,2828,2320
e32356d91e2e,3056,2544
e24233b0b286,4248,3480
8ad56a1a8b94,2832,2320
215885f7fd71,4240,3480
532b7bbdb196,4256,3488
c0856dd13c90,2840,2874
8ddd063f5c7d,2826,2800
8f3260527b5d,2748,2438
79ab8bbf9c7c,3050,2539
9268cee8f850,2836,2336
b50dcba25100,3056,2544
59d19d488fc2,3032,3032
f782a61c168f,3001,3001
c3998dcd1a70,3480,4240
7cd1c37c0d86,2992,2991
e642e9fbb17c,3032,2436
74b2cd2f2c2b,2798,2801
d31d8e2c7a67,2846,2330
39d4a7943cad,3032,3032
3ecd882ade16,4248,3480
9062f70a3dd7,2846,2330
895b22ff8c4d,3408,2800
c3f0b2e27f44,2836,2336
c43b8aa6f1c3,3056,2544
103f8f4cd31b,3043,2539
c4b2940d2334,4248,3480
e5555f29a9a1,4240,3480
ae7cb785f354,4891,4020
48c1b869aa77,2905,2946
b070687dd444,3408,2800
b74f626d63fa,2992,2665
373499fd6494,2802,2801
99e8636292c9,2808,2874
53a05d7d498c,4248,3480
fc2ad19c24fd,3050,2539
f9adbb5b82da,2140,1760
b40e6f50feb4,2945,2516
f642c4de30cf,3168,3046
0fd5fc2836e8,3056,2544
7f1c0da37b7c,2014,2014
4b6433e22edf,2987,2793
84ebe17672e4,3050,2539
b9601c411ec5,2992,2801
dc6074dbe19a,2872,2416
a19f374696af,3408,2415
d0e579948a79,2836,2336
22d0def7cf02,2140,1760
4733caa4742e,3408,2800
bb36f3d3ac71,4240,3480
6d91335ce972,3032,3032
4b73d94cb967,3056,2544
8d7cfdfc8bf2,3408,2800
636b2b26d2f8,2366,3050
2c297acf1d25,1387,1140
3afaceb34345,2140,1760
ece4e66cb011,4256,3488
749193cb46cd,2877,2756
3c1f3d751a96,2961,2914
e4284637f3d1,2140,1760
010776c711bc,3032,3032
c586f187e632,4248,3480
3b8707263b78,4240,3480
0424649a0330,2832,2320
ae335189af84,3056,2544
fc00fda61d7f,4240,3480
b0b3a0302345,3056,2544
a5e92e9b23a9,3408,2800
6ddf030ec946,2320,2828
c63f93b9e947,2832,2320
d83c7151ca95,4240,3480
36b0274eab50,2992,2991
e574f39e7636,3012,3052
19dbffd9208e,3408,2800
ec93f171f4fd,2990,2991
8c8cee826339,2846,2330
339583bc7aff,3056,2544
8e31f26a94c1,3052,3052
2066ee57261b,2836,2336
6cc2230359eb,2366,1962
de25a172ca89,2836,2336
45742200dd51,3056,2544
1498eec2b503,4248,3480
e17e3f746f0f,3052,3052
a42493ea9afe,2726,2330
0f74ecff17fa,2832,2320
41769efb2d16,2832,2320
8d2cf62914e3,2840,2874
d5c9a1bb5155,2880,2540
63f7496b87dd,3548,3138
ec68126f89c6,2836,2336
eae49161d928,2840,2874
b7df05b419df,2836,2336
af1e817f1b8b,3056,2544
b3c8cd90150c,3050,2539
52b4a3a409e6,4240,3480
55daef1978af,2872,2416
afb265f6b121,3056,2544
760642c021cc,3408,2800
3de0f18b4539,2428,2428
daae4be0299f,1387,1140
8ccb10223907,2836,2336
cd23d4de0c36,3000,3000
bc05eeaa66da,2832,2320
3d047361508c,3200,2615
cbe54348de5a,3050,2539
b20a51fa500d,4240,3480
a464a0534b1e,3408,2800
29a7faf526ba,2840,2874
abb479b59c4b,3200,2615
70cc46cb57fd,3032,2520
adcf3453a2b0,3056,2544
29bcb6392758,2880,2540
36a35a318b14,3048,2512
ecdcf4e19fa8,3408,2800
75f4ebf33ce8,3050,2539
6c198fd756df,2802,2801
d13f2f20a973,4256,3488
1a30ffcdc32e,4248,3480
22e853d318d5,2872,2416
7d02909b2a84,3048,2536
aa0205864615,2828,2320
b2f2e636ad17,2812,2336
94616d207933,4240,3480
36adbbd65ff4,2962,3036
afc6e42bc4a1,4248,3480
38d5134eb588,3539,2980
5e2596aa3080,4248,3480
b0152c574f4f,3056,2544
1e8c75d0ae09,4240,3480
ce2f74669711,2802,2801
047d552a32a7,4256,3488
c852b48ca7e6,2802,2801
6fb675554ba4,2836,2336
6fadc9266adb,2808,2874
49c596c8b1a1,2828,2320
7067c4fcc1db,2788,2336
140deda13014,3083,3013
4af7aa9e0686,3050,2539
31b0dc31da93,2958,2933
4a952c9c1b56,2976,2927
09e63acd4d68,2836,2336
be696a8effaf,3050,2539
d9dd3b86fbb8,3032,3032
91c569d47c70,4256,3488
609755daf53e,3056,2544
bbbfe40840c5,3056,2544
1bfd37021e3d,2446,2010
2d53afe5684b,3032,2520
c55df4d6f0a1,4256,3488
bc9476b0e185,3050,2539
ce72772d81be,4248,3480
a5c4c8a44bf6,2483,2312
8fe0d7f14ab9,3032,2520
257ffde03213,2836,2336
fb8e258af5e3,3050,2539
3a9cc892b1ba,4240,3480
b18140f87909,2832,2320
43d8e497553a,2836,2336
336d2b8392f9,2899,2520
90083b30af75,2802,2801
0a29a6326e2b,2802,2801
e2fa7cd6eca0,3052,3052
5bbffdf01f8a,2527,2260
708d6ec7641b,3056,2544
5801a49e4c2e,2989,2442
99dcdb3db971,2832,2320
938e5d3368da,3056,2544
b431787c9f2f,3004,3052
f423a4dd6e17,4248,3480
6467d3eedf66,2992,2991
fad1363c385b,2984,2824
3e1444e88d6a,2832,2320
73e1bb826f00,2836,2336
c09563033b7c,2990,2991
e3422d056a2a,1387,1140
cd7c70de75de,2836,2328
1f322d9f308e,3056,2544
3dca73493c38,4248,3480
d92557b57575,4248,3480
8f8f17fffd46,2909,2560
85e3ceffca11,2633,2539
54c0d8670c28,2832,2320
7d9b986e3ed7,3050,2539
035f51150531,4240,3480
7b2427458df7,2840,2874
8d6a09b06013,4248,3480
a82f4bf3f6be,2908,2707
3732ded2bc30,2660,2180
2be75a42c5c9,2726,2043
0c65c1436864,2872,2416
f9729a4e5c44,3050,2539
786ec68934b4,2140,1760
7bbe8f7dc795,3052,3052
df19e1879a66,4256,3488
fde8fb309565,2969,2962
39cd89772e5e,3032,2520
a6440ba889a8,2800,2498
9939f63af4ff,3056,2544
122d4f21cd0c,2836,2336
507fae7855a0,4240,3480
a881b6526c07,3056,2544
42f55c3da74f,3056,2544
d55912de6e21,2140,1760
b7ebe2918ce1,2880,2540
7c263210261c,2832,2320
27c93fadef8a,4256,3488
bda91f29da7d,3012,3052
d3e9fb245247,2846,2330
ecd66bcdc651,4240,3480
180ba123521a,2996,3052
7f351f57e889,4256,3488
2713386407ac,3050,2345
030297920060,3032,3032
b0b9108df373,3408,2800
ae68234eb2d3,4240,3480
3192bd0be3be,4280,3520
57bf106a9e2e,3408,3320
e463e244a127,2832,2320
787a6a770572,4256,3488
f06c2c3cbb65,2880,2400
a54491999493,2500,2048
77ba6b4395f1,3048,2536
8a52dae5181e,2884,3052
03d2a0aeaba5,4240,3480
f11d8993a22d,4240,3480
5f3c67ed4e5e,2802,2801
7f2dab97859c,3050,2539
e0f6c58f9e84,3320,2680
330516b530ab,2836,2336
f6b52db02627,1387,1140
eea23b9c3495,3005,2532
dd7bb7dda6e9,2836,2336
7ed4af57a63f,3056,2544
8af2b961fec7,3060,2548
4fc5d350c335,1387,1140
773b0f11784a,3048,2536
01376c1ba556,4248,3480
9b056a88674c,4240,3480
ee55cd235f48,4248,3480
06dbf59cea83,2908,3052
fe59c1157f50,2714,2773
ccad4abf7b7b,4240,3480
3e78bf1aa418,3050,2539
2b97a6619f32,3056,2544
5276667c0574,4248,3480
536be3676c85,2755,2366
4ceb57fefa67,3032,2520
b452962df0ba,3050,2539
0b2269d46515,1387,1140
774bfc8bb031,2832,2320
b0b93696c937,4256,3488
b15fe907806a,2832,2320
bd27bdba89f8,2140,1760
9db84e6ab801,2872,2416
795ceeb25970,4256,3488
5c2112106c59,4248,3480
a4f1451369b3,3050,2539
dcd7eee9bc04,3000,3000
64a7834e3fbe,2840,2874
88255cf59ada,3849,3489
ad628b539f9f,4256,3488
e6d2c043ff7b,4240,3480
f8ded2e15154,1387,1140
7dc87c9920b0,4256,3488
20a04f4c9dfb,1353,846
2dbf9696cd79,2970,2991
c91106eaa2a2,1140,1387
60b076f811eb,2836,2336
08535cbd2884,4240,3480
20db49453bf4,2431,2010
a6d894cfde01,2954,2956
46ef96aea886,1387,1140
d097e59a90ab,2836,2336
32a2ad71583d,2832,2320
10ae97d065a9,3000,3000
cae7ad43780b,2446,2010
6383b7733435,3060,2548
6a2b0d162de5,2836,2336
bac1d41a0a43,2816,2874
b9acfcbb0ab2,4248,3480
6df0ff8cce41,2846,2330
44d7b2e7b0f9,3408,2800
239d414106d4,3144,2666
e946719a8ee0,4240,3480
583afb74d9ed,2832,2320
db516ead1471,3245,2800
cf57ea116f21,2840,2874
178fd15298b1,3032,3032
4e4963451900,3056,2544
fba14484d915,2660,2180
8445bfbd31c7,2836,2336
31b4f7f46899,2846,2330
5c72e8548a70,2880,2540
61a1997e7b8f,2880,2540
b2e43b7299f1,2836,2336
838c8d86cd36,2993,2458
7e8966bfec61,3480,4240
c1b6543eea29,3050,2539
b09fea59190a,1446,1370
88dd5209d6d0,2805,2482
58f217f3dda7,4240,3480
5e17ccc880d9,2880,2540
62617c228e42,3020,2972
305f8804441a,2846,2330
d470ced1f93f,2140,1760
99821371de07,2832,2320
f481797c0b37,2987,2970
4477707316e5,3032,3032
b13e6eb2d3e6,2992,2991
c70ba3a483fd,2836,2336
8c3e02539e5f,2836,2336
abcae85ea595,2836,2336
27525fc2810b,3408,3320
60f2355651e2,2397,1765
c946ff794684,2470,2495
2ac8e8423929,2996,2988
3670de872788,3408,3320
3d3dcc89ded9,2276,1928
3cc92357421e,4248,3480
1175de110d85,4248,3480
5a7ea0fb7e82,2836,2336
0d89b409d464,2988,2844
72e5fbd61953,4240,3480
5030b4eaad52,1387,1140
94b47145a1cd,4248,3480
172a7ed6d7e2,3050,2539
a0e1cf897de9,3056,2544
b88c19a07c3d,2846,2330
3fdf9402b08b,2846,2330
62fb74aea804,4256,3488
a5532d090508,2836,2336
8f0ae2622c08,2140,1760
c1c17eb54262,3032,2436
4227ca3f0d1d,4256,3488
4460ee4cacd5,2731,2488
db6b0e842e70,2880,2540
c18e5a0dac5b,2992,2991
5ddad421aa0b,3032,2520
6fd622cf52fc,3660,2931
e441b1fb74ee,2832,2874
8069c13ddcb9,4256,3488
9b7797d14b1a,2880,2400
3904d1650e46,3032,3032
1655c84fa4b4,2992,2991
972862fe9407,2992,2991
b024a13318f8,2880,2400
b570de3efeed,3056,2544
be68bf7d1885,2836,2336
525f4a45ab5d,2836,2336
b542e2b86c92,2980,3052
b0996697b312,2846,2330
803d3e2469f8,3056,2544
64c89057799e,4256,3488
606cf812d40f,3032,2520
c2d72bbff9fc,3056,2544
51759b5579bc,2850,3093
4f378b50ec4a,4256,3488
bb91a3efea3c,3006,2797
929c76223b47,2846,2330
aa57f8cfa1a8,2836,2336
0c56c67b75b3,2832,2320
1dc3fa353adf,3032,2436
b950c8e56ef0,3052,3052
446701af723a,2836,2336
7ac0b1312f61,4256,3488
9e63315ed764,3050,2517
83617955c933,2836,2336
8814e2f8946c,3408,2800
fc68949c9c03,3050,2539
52dcbb32423e,1387,1140
a67920ee2f33,4240,3480
b9175a64ad09,3005,2618
734dfdbbdfb5,2767,2665
cc52e1e94f38,3032,3032
67a7cd9cc95f,2787,2481
3366792791ce,2836,2336
a4cfd67447fb,2836,2336
911fb482c51a,4240,3480
47f55c66e047,4240,3480
56b70be7b9ec,2836,2336
13261ed5798e,3056,2544
4b8501ec587e,4240,3480
10b1352bfe36,4240,3480
7b121eb03179,2802,2801
9d9d646aa9fa,2982,2969
9df91d428770,3032,2436
e40665df8ae1,2836,2336
221ff464c9fc,2899,2520
47527c96b001,4891,4020
3343b5bab032,2836,2336
a62c0b026347,2992,2801
9fb59bd38631,4248,3480
ffbeafe30b77,2378,1908
3e6feb41cc6a,2832,2320
1fcabd12909e,3007,2800
ed521e774276,3050,2539
524d06460f5f,4256,3488
5ead87662cab,4248,3480
e506ce42bf16,2802,2801
a90ddbdd7b6b,2836,2336
b5c2b736615d,2836,2336
6ebf56a0fab3,2832,2320
584e2a9b1a8b,3056,2544
33c6bfa1895d,4240,3480
75be01c482a8,2568,2208
31376011baec,4240,3480
36a6c5526fef,2990,2585
5bc48c0f7e61,3517,3053
3af695060eba,4256,3488
474b5e3ebad8,2836,2336
71b2315527f6,2920,2941
1534e4e152ec,2836,2336
21b11b97837b,2872,2416
f8ebad9d2cb1,2832,2320
be7e47b956f7,4248,3480
9de240bb9752,2802,2801
76e412afbd5d,2832,2320
f18feccf85aa,2669,2539
99cb751aae3a,3032,2436
eda0821322f7,3048,2536
6a324a999346,2836,2336
8111093dcda1,2996,3052
58835120395e,4256,3488
1ac1f1300b43,4240,3480
6305c2922486,3052,3052
98ba8c6bf61d,3056,2544
496a25c24b70,2692,2844
84b7d9f9a119,4240,3480
902502bda6f7,4248,3480
6c50c9903dc4,2828,2320
f9064731ab94,4256,3488
1e390b662e9a,2802,2801
f920ea20c561,3050,2539
90ac037db9f8,4891,4020
586ea12cdc1c,3032,2520
92ee0f48ba2a,2660,2180
8a364c401cc1,2836,2336
77a29bf5add2,2992,2801
c11aa688e0cd,2832,2320
8d8ea19fd9c0,4256,3488
229c496fc08d,4240,3480
1f88350a0e01,1387,1140
1416209ba27d,4248,3480
694e4b99f8ea,4248,3480
2204baf77803,4248,3480
79a25dde614e,2802,2801
249e3ca02bb1,3032,2520
6b11814630ef,4248,3480
54699c534b3f,2836,2336
8c4ebd2f89ba,2832,2320
f208dc529d16,3056,2544
b8d7d61dba62,3028,3052
cd9b05c3dd91,3056,2544
3491947158e3,4256,3488
1d55ae5d7482,2140,1760
ed2e92d5ae24,4256,3488
a78b60d38c35,3020,2724
6306eee379dc,3032,3032
0dd32589bdc3,3032,2520
948d43ced1e3,4256,3488
42f14d058fc7,4240,3480
4e58d8657944,2840,2874
7c3eab7f7ab7,2446,2010
ccff40f3fd95,3050,2539
625ef3b08e9e,4240,3480
1843ab225632,4256,3488
d205dc170ccc,2836,2336
193ac79cabfd,4240,3480
a51e92ea4a9a,4256,3488
d5386c34152f,2012,2012
e4594ee2d4c2,4240,3480
78165504b671,3020,3052
d5e8403abea3,4248,3480
1e475a3abe53,2911,3100
4364d25b5f46,2828,2320
263447f14aaa,3056,2544
d8b5f15da163,2872,2416
a7d3cb3038d9,2836,2336
a81a66becc7b,2140,1760
4e0367ed8dd0,2832,2320
c32364e92662,2836,2336
7ad1c416e505,1972,1838
2ac033960d10,2832,2320
56b735094a1f,4248,3480
5e893e6ed49f,2802,2801
02eed7c620be,3056,2544
01e66c5fc9f3,2996,3052
fd7515610b5a,3480,4240
cd54cc85f0d1,2836,2336
007cf31356c6,4256,3488
fd3f9225e10b,2986,2974
e359c81a6190,4020,4891
b77c924282ea,2846,2330
7c46483f6ef9,2836,2336
5b3bf6f0afae,2992,2991
1c96d9b08487,3408,2800
5a2628ee58d2,4248,3480
34d34bfa6c10,3050,2539
9f3470af5675,4891,4020
7a4c7eca54a7,2846,2330
0bf205469ffa,2836,2336
0f353517d271,3060,2548
a600ed075926,2836,2336
11f2ddf4778e,3032,2436
dcd2b88400a2,2836,2336
ce767a31525f,2990,2837
46b438961c08,2836,2336
c3a46036f920,2832,2320
078fb92e34d5,4256,3488
b0411f8ff940,2958,2966
a488071213cf,3056,2544
33890d78120b,4256,3488
daae293a8b40,3032,2520
a8e019dcf085,1353,846
4b594699ffb2,4256,3488
219d2014f0b6,4256,3488
c0ee9d14f9e0,3032,2436
6401cf4e19e8,2836,2336
6eeb7ab0f97d,2832,2320
de2baf177112,4248,3480
1b06f7b225be,4248,3480
ffdc682f7680,4256,3488
0eb641cb0dcd,4248,3480
f577c6fb0f49,3032,2520
f1a67c1f073a,2832,2320
f6b3f1544ada,3012,3052
b9468e4f89b7,4240,3480
dc37372bed4a,4240,3480
d72161acbb0e,3408,2800
fce103c7c62b,2808,2874
9bd968a5e051,3056,2544
8b0bedcc4127,1803,2012
ed3849659484,2906,2539
279b24991da3,4248,3480
3137a8c7c4b9,4240,3480
25ff5d625b35,3027,2516
095ccce075d9,2836,2336
bea7d86f79d5,3408,2800
ad64d5860306,2836,2336
bceca9f28fd3,4256,3488
2d98d29e714e,2993,2967
424118f1afc8,3408,2800
0839e8367909,2846,2258
ea56a7479090,2980,2622
3bce64c0c959,4256,3488
76c4d3e9d65f,2992,2991
a84e98abdf6d,3408,3320
58feda404eda,3408,2800
702b9333c3a8,2832,2320
ffd9b6cf2961,3050,2388
fd5846e6740d,3050,2539
2c61598e8b03,4248,3480
a42ed8a7989b,3050,2539
0684dae08842,2320,2828
6386addfe4f2,4248,3480
ba582d441629,3056,2544
1aad78944107,3048,2536
10fedbba3c21,2300,2315
cb3ee01764a1,2836,2336
a71c66b6a6be,3050,2539
6f815bf5bac5,2798,2801
211f27ef4374,3032,2520
3b7d7323ce65,3050,2539
2d5e59b1aeec,4256,3488
bfded0d02350,2836,2336
b0f91f2fdf0a,3072,2560
cea250c8ec07,3050,2496
7a64a3fcbfa7,2836,2336
ce7bbc8281ea,2688,2400
fe32b1228370,2140,1760
9507858e0d8e,2832,2320
9aec542242bc,2836,2336
ab0959949c38,2874,2825
9344a6cf4093,4248,3480
0f2fa744f0f1,3032,2436
c6625bd3fedb,3032,2520
0b9718f58e68,4256,3488
d8814bffbf60,2872,2416
b470b81c35c2,2556,2182
2251ac6a10e1,3050,2539
93fae0b370c3,4240,3480
d38b7375f16e,3056,2544
8fa2ed829e2b,2836,2336
d21edccf1d4c,4256,3488
d605a5741667,2808,2874
409b4a178e25,2660,2180
e6215d0188e5,2998,2999
10a3953d8325,4248,3480
e24d2e46a243,2862,2991
68c2caf8710a,2962,2341
14462c1f52fa,2808,2874
279e73ff65b6,4240,3480
03dc2e91e74d,4240,3480
535166bceff8,1387,1140
125073a5fe45,3056,2544
99ba4aecc0ab,3056,3198
24bd44c244e6,3048,2536
094e0c33d8b2,3480,4240
e63674c067e3,4256,3488
2c501267c8db,3480,4240
fd216bc37e84,2715,3001
4efcdede6982,2836,2336
16dcc1ba1934,2832,2320
ecdb5a0dcd17,4891,4020
592f4c2d20f7,2836,2209
2600f8cf84d1,3005,2878
64b1636a4737,3032,2436
072690bceea9,2698,2310
6640cb880cec,3052,3052
b824fcce341f,2880,2540
d8ef6a6d4981,4256,3488
c2596fa5fc65,3032,2520
7eef8e9bf889,4256,3488
11442fbf156f,4240,3480
c61c30f194e3,3408,2800
cd56d051cf08,2520,3032
d1cf8ed59fb3,1387,1140
7d3112e63a37,3056,2544
3169e5c2b289,2836,2336
a27a126be5c1,2832,2320
aba3c1c137fb,2992,2991
0a677ac5768f,2802,2801
237c5cd21bbb,2836,2336
e84ac9cc1251,2832,2320
40cf9721e428,4891,4020
5ce2be1781f6,3032,2436
664d5de15c35,3052,2852
c4864d4d6114,2871,2043
cdcf36196ea5,4240,3480
c0e02e23533e,4248,3480
1c81e15ad5b3,2836,2336
a1813e050a1b,2966,2691
27b51f932133,4256,3488
d19ed8d811ad,3408,2800
55839276a9c9,4240,3480
be40069a1386,2802,2801
813a1b007d73,2832,2320
bfdca4ce0cc9,2992,2991
001398f4ff4f,4280,3520
2dee71f3479c,2836,2124
02e0b0db9231,2846,2330
81e8547f4886,4248,3480
10181eeb21eb,3056,2544
2d1ba4f1125a,2836,2336
c9705156f38c,4240,3480
5c9f45f17bc7,3050,2338
60f0ed40f286,2840,2874
a4cf0a951d9b,2447,2518
b36cabecd719,3032,3032
8a8ede90f1c7,4256,3488
26d597b4facb,4240,3480
5ec4ddd371c1,2836,2336
47a95c1257c2,4248,3480
4aaca1ee2973,3408,2800
92cafb902940,2880,2540
c7b0288a9e8e,2954,2959
d1ffee85b260,2836,2336
7e5dc8ee6eb1,2908,2640
ac94cb447ca7,4256,3488
fe829429edc4,3050,2539
f72798142553,4240,3480
6bc60b22fc16,3032,2516
76e1553652b7,4256,3488
bc39f7ea9db9,4248,3480
67d53eb736bd,2358,2365
10670bba8fc7,4248,3480
61f6f66ca634,3032,3032
6687e52aec5f,3056,2544
4cf49226c69f,2872,2416
d45db88b0625,3050,2539
25dc34341bbd,3032,2436
8c931ae14b16,4248,3480
e22c7a599e4c,2846,2330
4ab9f6b4684d,3408,2523
bf684b3e36c6,2511,2299
b0590521b959,4256,3488
015ac3c7199d,2668,2151
e258350901d0,4256,3488
3208e2754431,3052,3052
002e9b2128d0,2872,2416
99cca0762a16,4248,3480
19bc9c1473f3,4240,3480
d753258c7ae2,4240,3480
3b1a6b2e295d,2836,2336
fe1ce39cfa13,2846,2330
61d0f2ca0ddd,3056,2544
cd588a3e1a88,2520,3032
6df2d2ec8f31,2836,2336
90d8c741ddae,2992,2991
165f67e89fdb,2802,2801
2c2cb3af5448,2518,2768
b4cd5f0d415d,3056,2544
c7722d19f73f,2840,2874
0b4a60f63881,3001,2571
642e5c669cb5,2880,2400
3f3985eddea2,4256,3488
91017f8299f0,4240,3480
b81969467c6b,3032,2520
fe493b5fe38b,3702,3488
e474328cb72e,4891,4020
ef77aa2de869,2846,2330
f771c4904925,2880,2400
a2deb0bae85b,1387,1140
e368077620c4,3408,2800
b004b1fe809f,4240,3480
341787fb81c7,2454,2607
dceb3288d273,2802,2801
222f258d61f7,3056,2544
3fea6b8c8128,2832,2320
641211c7725c,3005,2763
bc3a2103facf,4240,3480
bfb1ffabaaff,3320,2628
30fa38c1426f,2428,2428
ffa9fef3c7bf,3032,3032
524911903bde,3032,2520
33cc8e10ccb0,2769,2474
a25223a7868d,3056,2544
779f0040d1b2,3480,4240
4f85c500dedd,3032,2520
e78b16cfb742,2832,2320
f2de614a9ebf,4240,3480
ab91cf190fdf,4240,3480
c031c3243293,4248,3480
168e2fb88890,2840,2874
734630606a23,2992,2991
cd854980742c,2932,3012
91f72df96e13,3480,4240
5f19e0941d27,2431,2010
1ebbe0481d58,3052,2900
fc899f1e2075,2836,2336
bb858a8a8391,3408,2800
db22a76373b1,2800,2874
41fc66eb1685,2836,2336
fbe2cdaa2354,2140,1760
c30bd4a1e473,4256,3488
db27626f6cf2,3408,2800
861e6b07c9d8,3048,2536
e7e4dabc46b7,3050,2539
0326d6990386,2812,2739
afa1c9c9b4d9,2560,3072
9fa8318fb7f6,3032,2520
5825b42a91e1,2012,2012
1ec5a611f850,4248,3480
c5281671123d,2784,2482
63c6e1324ac3,2820,2336
59f4e7cb12ff,1387,1140
ddb051c1233b,2991,2951
8b83ead586cd,3032,2436
54ea47b77f33,4240,3480
fbce3517cc78,3032,2436
267a250932bc,2991,2951
5ac2d999c150,2836,2336
c9e358fea9ad,2836,2208
81d61a02b089,2836,2336
4390dc824c58,2836,2336
dee5479af40c,3052,2924
9f126fed5074,2638,2967
2bb988c34102,2836,2336
6a0d949352d9,3056,2544
d9456aadecbe,2854,2972
69685bdd3e89,4256,3488
8867b5e6d09e,3056,2544
47d7f75aa5fc,3056,2544
f33c3310cbaa,4240,3480
ba463980acdb,2880,2540
7c4a926c42d4,3408,2800
ccd0ab1d9ae4,2836,2336
2da7581bab1e,2711,2423
7436f7be97b8,2836,2336
73b09bfbb91d,3032,3032
73363e9b5946,4256,3488
ba3c705a818a,2962,2662
caafc9dd391a,2500,2048
fcd6cfce4f1d,2012,2012
8358c32ff898,2836,2336
2d20205cca4d,2880,2400
f333a4e102d8,3056,2544
19e702d7942b,4248,3480
bdac90f5c4ae,2566,2090
9c1b9109be17,2840,2874
7e4956209825,2880,2540
103a2ee89a54,3480,4240
aceaa1504385,4256,3488
84ed5f7f71bf,3153,2681
bfd4c9f56059,4240,3480
3d7a0888be7a,3032,3032
c5572b9ac75f,4248,3480
4f6b571c20f0,3050,2539
f1d1b653e883,4240,3480
0a6dabd47dcb,2840,2874
cc4459675860,2018,2022
233609f6a3f5,2446,2010
64ec40d75740,3050,2539
cc3485f14ec5,2846,2330
fdb1d8ef04df,3005,2737
b6795cbe24e5,2589,2332
a6d4e478907c,2885,2614
d67e15fad409,3032,2520
d4722809076b,4280,3520
1686e51d4378,2802,2801
419d5f25e84f,4248,3480
7306aee0cd78,4256,3488
b8550a01cc5c,3056,2544
9991b7f0f5f5,3032,3032
a8b3e5f2ee0f,2846,2330
58bf27b5a82d,4240,3480
33d6d7b7c41f,3032,2436
d8a2a67de028,3408,2800
cbfd2079791c,3027,2516
383b66ef97c4,2836,2336
3f6fc1e16844,4256,3488
c9dbffec85c8,4248,3480
bac9d4aa1718,4248,3480
5fa62bb49745,2021,2021
2ea9add1d985,4240,3480
8ad69c4e9471,2832,2320
f7b650573906,3408,2800
ac0972561d50,2836,2336
bf1f75117093,3027,2516
26fb5ac9fce6,2948,2971
0317553424d7,4256,3488
611348a721f7,2820,2336
07f7a5d01766,2840,2874
61ea4575bfb9,2992,2991
e5089c9cb97f,3000,3000
02a1efc9a703,3032,2436
670d9645d4a4,2846,2330
b5740cb652a8,3408,2800
12d07b00b449,3005,2696
5fe59f8dc079,4248,3480
70e4448d6e9b,2974,2948
51eb9085f328,4240,3480
532f722fa51d,4256,3488
6cc7450bcfa4,2834,2316
7633b09ae491,4240,3480
229e5a46afd0,3056,2544
9c0633ef606b,4248,3480
077c85f226d8,3056,2544
a91af8985500,4248,3480
705648e1e51a,2880,2400
7095413843dd,3056,3198
8a33956ca66d,2836,2336
44d9c1a0290e,2992,2991
ba9686fa29f2,4240,3480
24edd931748d,2832,2320
9be91275c44f,2832,2320
6ce938fe8ffa,3020,3004
c2f682af3f6a,1387,1140
2536551bef6b,2707,3005
989b80f8bce1,2331,2336
d7f1c5cc28ba,3050,2539
6a337bc47bac,2987,3000
0d9819ce950b,4248,3480
b9fd6029f75f,2832,2320
590ae082949d,3050,2489
4e59432d0707,2840,2874
1a42f1a85190,4248,3480
b4663cef63d1,2880,2540
3a43c1fbaec7,4240,3480
f9949aa2f61e,2836,2336
a9c86bfcdf48,4240,3480
fed009ec0e3f,4248,3480
e0c9380cf455,2832,2320
752c35917c59,2650,2177
72039153a0dd,2544,3056
f3545143296a,4248,3480
6b8872c61606,4256,3488
2d7ff73d5303,3050,2539
bc67926aa798,2836,2336
ea1dd04c7349,4256,3488
ad9728a13dbb,3056,2544
a489a901a401,3495,3701
0b858129adb4,3495,3995
bd919cc34ac5,2159,2256
4462888a89c1,2832,2320
8ee11f48f855,2832,2320
ec9fffbd1457,3052,3052
f972e983e0cd,4240,3480
11224d561d88,2832,2320
b409851e44e6,3048,2536
11dba0bc2b8e,4248,3480
3f27cb9ab8f0,2836,2336
a03024f4102c,2898,2912
09be36e1b94b,4256,3488
8bdf4b75fba7,2336,2836
260b56acac45,3032,2436
550f057ee0b0,2822,2848
77a071378917,3052,3052
032edff0990f,2140,1760
d6bc119113e3,3052,3052
5cb08cd3bea3,2836,2103
fbf52ef331d4,2664,2560
bfe716103787,2802,2801
2da1eb17b0b7,2822,2848
7fc06d300d14,1387,1140
036fe057963a,3032,2520
47fc0153c848,2832,2320
df76686090e6,2795,2698
f2e9c2de7716,2840,2600
9c3454d28ecd,2649,2425
3b96ea6dbed2,3004,3052
b99753790400,2836,2336
ea6cb1120c3d,1387,1140
bc32535a40e4,2832,2320
e6e73caaf8d4,3056,2544
f813840f2fc8,3048,2536
6b4538ea6062,4256,3488
7c894f328f24,3032,2436
caa7fd25ee9d,2854,2972
48044e1f621a,2816,2816
de023e0fc394,4248,3480
81b8374e4e1c,3052,3052
85c498bfbd65,3408,2800
180e25a4ff31,4240,3480
b77d1450dcb2,4248,3480
e74e885c223e,2836,2336
934987424059,3032,2520
c326bbab94e8,2836,2336
b61366ad6c90,4248,3480
ee98c5bef21d,3050,2539
d7353d147f2c,2505,2117
039c86552c5a,2428,2428
2bd874f1dd3e,2836,2336
e8cb1cb5c5dd,2836,2336
d4174c9de2e3,2502,2303
d638bfcf071d,2836,2336
0fc323d12666,2832,2320
f17b1ad4f6f0,3408,2800
5d252a9ba2f5,2832,2320
b3faa4b8cd5d,3050,2539
1adafe8816ac,3408,2800
4d17a4779c86,2828,2320
0ef090144d5b,3056,2544
fba45bd0eb6f,3032,3032
40759b957be9,3050,2539
b4d1b4ce907c,2140,1760
fd534f2f4f87,4256,3488
b0d65b7444f7,4248,3480
9e780cc1d9c5,2802,2801
8032d6989960,3032,2436
460716e5a10f,4256,3488
ca51a969d68c,3032,2436
24d0b38302d5,2836,2336
7f6ad0122fc2,3056,2544
1cd91e237ea7,4256,3488
f5dd3b352196,4891,4020
a0d21f9177d6,4256,3488
a375ce0836a1,2802,2801
06fa3a4d5dbd,4248,3480
08f9fa7120c4,2992,2991
0f545de555fd,4240,3480
75054d9ad31d,4891,4020
d908edf349ed,3056,2544
3d7d314faa17,3050,2539
4785ca6ddafa,4240,3480
4be932b7cbbd,2836,2336
49234909af5e,1884,1741
e897ef5c203c,2606,2418
fa447a409bd6,3408,2800
086f1ab39050,2832,2320
d2909cb9f49e,4256,3488
914ee0896606,2832,2320
0b49d75e3b51,2836,2336
a8307a24ea1d,2836,2336
19e6f3659766,4256,3488
1cd13431a034,4248,3480
32222cc776a2,3408,2800
99f3642f50f5,3408,2800
b6b74c8a97e4,3408,2800
21518ca15050,2140,1760
39d35a5d50db,2836,2336
2c805bfe1155,2802,2285
760bc20f4476,2860,3052
b07771277fb1,3050,2539
717ea5155b46,3056,2544
6a9fdf2adef5,2836,2336
bc8a891eab45,3056,2544
ea2688741043,4240,3480
bc80e90e5c26,2288,2345
1e9fb03b73c3,3032,3032
333e84d41771,4240,3480
4bcf536c08c9,2836,2336
e350c6a1acbd,4240,3480
a7f53cf01410,2660,2180
61dbca9280da,3056,2544
06ee89a4efe9,4248,3480
75e68ff861bb,1387,1140
7552b4fc4bb8,2836,2336
a1b9944654af,2836,2336
a10af5c5e80e,3050,2539
933f80e2c741,4256,3488
24f00cdcedec,2956,2548
22cd8d57d2b1,4240,3480
173c23887f9b,2140,1760
73c3ef06731e,3056,2544
bdf85b5e51d2,3005,2711
74ef938282be,3048,2536
519ba4e14eb3,2836,2336
533638e04060,3052,3052
1d246651590a,4256,3488
51a00fe8ead4,4240,3480
ccb9a8de86ca,3056,2544
aa4f6dcff138,2830,2801
4c3acc13335c,4248,3480
79f32a83d80f,3052,3052
51bb4235d797,4248,3480
2909830fc390,4256,3488
d3a4ac516d3e,2840,2874
e0d61af446a3,3052,2852
98e4ffb4c6e2,3480,4240
db98196e5558,4240,3480
0b490c90deec,2832,2320
823021d09748,2832,2320
7ae3ba379660,4256,3488
9b2d4652ad72,3032,2520
dd50263ab71c,2738,1963
61f3ac249c50,2991,2951
2bc2ba9c7dc0,2382,2444
552dc7a2b321,3032,3032
28c11c43c67e,2832,2320
b97c6b32105e,2991,2951
ed728788cc3d,3032,2436
cc87c7c282f1,2836,2336
92dd4fbfa962,4256,3488
869476b0763a,2991,2951
f5c9bf7a037f,2836,2336
5709155133b4,2992,2991
ec6bfc3029a9,4248,3480
4914ad588781,3056,2544
463937ba96af,2996,3004
fc44ab5de22c,2836,2336
eedd7a853545,4240,3480
9f5ba1b9fd8a,2846,2330
689db4ab5ab5,2616,2856
e44be39bc62e,2963,2954
f3b427b54ea4,3408,2800
f4942a602d27,3408,3320
48bb84b1b95d,3408,2975
fe6a2dcda2da,3056,2544
0d0e68c225b6,3050,2539
1fdd10b0a7c2,2836,2336
e376017188c8,4240,3480
447ab0346a33,4240,3480
6bd64b296e59,2832,2320
ba02b34ea7b3,2802,2801
36625db2640a,3000,3000
8f87a0578c8b,2836,2336
55eac3fc31fd,3032,2520
081c57bf820f,2880,2400
db879932cc40,3052,3052
8675bb424507,2836,2336
571987d5afdf,3028,3020
1ae1aca1fd0e,3052,2772
12fed1674c84,2872,2416
18c2fb2fb8d1,2618,2539
8c263e7fbb7c,2832,2320
3d0bac303fc8,2872,2416
4d08f081f09d,2846,2330
20b7a03c8975,3050,2244
544fa653fc32,3050,2258
e616156054ac,2836,2336
37e761a2968c,2822,2322
1b92142f4362,3408,2800
b4b931e5ad31,2836,2336
ae8fecc25309,3480,4240
ad4901d0adff,3056,2544
13bf9d719ad1,3056,2544
1b611fae120d,3050,2539
a42c542f033d,2832,2320
6b730a1a4271,2977,2970
81c988c895a8,3408,2800
ae21e4271637,3056,2544
e5140948e6c0,3408,2800
278bacb81a4c,4240,3480
ca16b13d489c,2836,2336
7e5dbc920a62,3050,2539
5114a63d3977,2981,2958
9e43da13bc66,4256,3488
2bff2d35a6cc,3050,2539
a6791529a93f,3050,2539
3eda96805867,2012,2012
4b17794e0851,2840,2874
88d23ea210a1,2992,2801
3df2c9d30cdf,3052,3052
3d5897b393d2,4248,3480
3f8515b00209,1387,1140
d01e8fd2c78d,2836,2336
9108cdfd43dc,2606,2418
7e35c1c82ff3,2832,2320
d45dcc66aade,4256,3488
ce2b9cd61ca4,3032,3032
4dc51d0b21f4,3209,2800
32456961c278,4240,3480
7254bd2165ee,2426,1974
70e85faa319e,2832,2320
79838f0f0850,2802,2801
d61946759f4d,3048,2536
d60459d04826,2832,2320
16397e909369,2906,2539
76c7d740b3f6,2836,2336
e4e568ccef7e,2224,2245
c6dd0553089c,2880,2400
d1dfb324827a,4248,3480
89ae9de3ada1,3052,3052
830cc183fb9a,3001,3001
67995d63d73a,2451,2048
d417f8e64511,2140,1760
11e475d66076,3050,2323
080f3ecd201b,2832,2320
2b81c9da7d2b,2920,2320
ec106607aaae,4256,3488
cd3029307926,3048,2536
d24606ff5aca,2899,2539
2a29437b06df,4240,3480
cbc0508e6f59,2798,2801
5458c3cd03a3,4240,3480
5ecada95f5ef,2846,2330
893fde8abd42,3056,2544
319b2b906a1f,2802,2801
47942a02592a,2846,2330
2cec18f3c67a,2714,2462
acae41f6c042,2299,2336
6163d55460c2,4240,3480
488bee5db2c7,2836,2336
f5b4e8d1c058,4256,3488
ac3f07f76c44,4240,3480
2eab3a031ef1,4256,3488
6ff218d10741,2836,2336
beca80e39902,3044,2828
cd04f98c2f2b,4891,4020
9da68fc712bd,3027,2516
adaf181ea691,4256,3488
b7bcba20659a,4240,3480
d9fcf8a842e4,3043,2338
9c18a904fbed,3032,2436
1002a04f3cde,2836,2336
d14352da3a40,1387,1140
82436fda2f12,3056,2544
e97c90dad798,2872,2416
390eecc3d067,2836,2336
21905d725d81,2836,2336
d7139cb21860,2488,2492
01f8945ece37,2880,2540
c0d9174d42ac,4248,3480
5f9833abf011,2970,2964
9a344cc0f907,4256,3488
d436ae99d4f8,1387,1140
d0c91ba9955e,2732,2398
b3d5401e02d4,2880,2540
5896e41fcc13,4256,3488
08932dca1447,2939,2299
39e8adc3f291,2553,2539
76988ae210f1,3027,2227
d52a13a72a7d,2836,2336
8e486df25480,2140,1760
aeec4820c4ed,3050,2539
8d030d8cb033,4248,3480
68272dc9af0c,3032,3032
40684c5ec4d8,4248,3480
7a7a343ae1c1,2872,2416
9aec95256522,2832,2320
a8b95b4c90ff,2835,2449
adddd947f92b,3048,2536
6e9fad584bff,3056,2544
75eaec6dd66d,2992,2991
eaf3d8cbcb2e,2998,2967
697ea3ceee9e,2836,2336
e2f883ddfdb4,4280,3520
1f09d8254115,4256,3488
e75e554f49ac,2880,2540
1c5b53c5c442,2820,1778
cb308b57472a,2832,2320
061067e90779,2798,2801
62c6b3913fd0,4248,3480
9b531d53c513,3056,2544
f17ca5bc4d61,3151,2528
9c316285e3a2,3050,2539
227e68d2cb58,4256,3488
d169b65a8331,4248,3480
e479dd4f83b8,2140,1760
5814d5237f03,4256,3488
0748e24c162d,3056,2544
b69e425567d0,3050,2539
8e843bfe6705,1387,1140
494fffedca68,3056,2544
69c6eabf4e91,4248,3480
a2a14b6f66b9,2788,2336
fb90b9f3be91,3056,2544
6a1492a16c7b,2836,2336
dd8087abbcaf,4240,3480
ce2c42b51f24,3050,2539
042e8fe12700,1387,1140
2a1fbe855dee,4248,3480
a535db085fbf,3032,2520
b85e65eddb97,2836,2336
a63f1e4e65ca,4256,3488
0023f02ae886,2846,2330
abea895b62de,2828,2320
ce289d7a37bb,4248,3480
66d4f74e63cc,4248,3480
ba5294f1feb1,3032,2436
f2ed30d18f97,3056,2544
0515910ab239,3032,3032
b68970f05034,2832,2320
41751eb3b214,4240,3480
9cdc2af4fbb0,3056,2544
40aa3e43e857,3032,2436
edc6919ee7a0,3056,2544
71975a0a2b53,2798,2801
3f0879b045e7,3056,2544
629bcbda4075,4248,3480
c4257b7ce0cb,3408,2800
d06c3eaa68a8,2992,2991
01aefe9ed777,3408,2800
a48c16f1d0e5,2836,2336
87d2f5ba9984,3056,2544
b516fd40f57c,3032,2436
911925e91c7e,4248,3480
6bda7804187c,4256,3488
7445c639e154,2880,2540
f609d59b929e,3488,3488
db4ad9eb251e,3050,2539
75ffbfb197a3,4256,3488
f81593951916,2836,2336
b795e920dac2,4256,3488
6ffef23b4aa9,4240,3480
0b87528e093c,2832,2320
3c9e05b0a0a0,3052,2924
e55532db2d16,2802,2801
1a745892799b,2836,2200
2446cdfa1f2d,2758,2620
c3f89bda2f8e,4248,3480
ae6dd6c230e6,2802,2801
f0abf0c5cbad,3000,3000
cbb15728fced,4256,3488
8e9633a5f516,4891,4020
89f79c0409a8,2802,2801
382f83c41da1,2836,2336
8947447b6929,3056,2544
084b10f6151c,2832,2320
4b2468cc4bfe,2836,2336
c482c51db044,4248,3480
d33ad3042402,2846,2312
1878b4316674,3050,2539
b98174b36c85,1387,1140
26a9c98c2e39,3408,2800
365715af043f,3056,2544
e46f7573012c,4256,3488
1c714f3d70bb,3056,2544
ed3b49390b4e,2980,3052
13b6d8ab6647,4248,3480
aafe0766cff6,2836,2336
987e5110e681,4248,3480
0ec6ac5c7adb,3048,2536
6f6f319dfdcd,2802,2801
40b8ec3b1891,3056,2544
c8f42ce79d67,2828,2320
847189e5e281,2290,2270
48d61d4bd869,4248,3480
836e7540cea4,2992,2991
14542180f7b3,2140,1760
5457dc0daa2f,3036,3052
17fc8ff5546b,3032,3032
7903726192e6,2832,2320
63283987d259,2140,1760
676053647908,3520,4280
afcda3f35e89,2872,2416
fab7eaa2770f,2802,2801
007b2567d83e,2836,2336
e03891e12881,4248,3480
0b7ca4c86b9f,2992,2801
54d8b82f1ced,2980,2964
2b0a6fed98fb,2802,2801
3dd854438294,2838,2330
2d409ccd6f6d,4256,3488
656ca44c50ab,2772,2256
e9fc83eee824,2832,2320
34a4fdd88574,4256,3488
c4f42cc49d8c,2880,2540
c3691b9bc16b,3032,3032
0012ff7358bc,3056,2544
f1fb11c067c6,3050,2539
083efcd38bc3,2832,2320
3287bfcd205c,4240,3480
2c41f0b77b68,3000,2418
6699ff481799,3056,2544
36b995a9575c,2726,2585
42d9d100ae15,4256,3488
a3f61fadfe6f,4240,3480
12cafcd805f1,4248,3480
8004d82257a1,3056,2544
ff4cd60f14b7,4240,3480
00326161e51e,2836,2336
efbe5f195b97,4248,3480
5aa205996c5a,3032,2436
2c1d9b4830aa,2993,2971
b5ce6164c155,2802,2801
e7a6b0ff3082,2992,2991
e3863ecd41c3,3408,2800
7125a29cfb98,2846,2306
620c0f590fa6,4248,3480
e24ca1d34bb2,4280,3520
ebb27e2e6d18,3050,2539
b29d68af277a,2832,2320
c8796b13ee2d,4256,3488
b8887b0d030b,1387,1140
4f489e7c0d20,3032,2436
d1c8f6d2ebc2,2836,2336
641ddddf8c0f,2651,2695
5f9ca36e82aa,4248,3480
9a335ce0bca4,4248,3480
be05d02f79e9,4248,3480
991e467c5927,2992,2991
ea9a6ebec879,4248,3480
e295ff156bbc,3056,2544
7daf9de78151,3056,2544
ce77159dea72,2956,3052
ea56b964075b,2794,2429
86a3cf84a7e6,2802,2801
4789edd20950,2846,2330
4cb11023c508,4248,3480
7f1924880cf8,2012,2012
d7ca13e45fec,2846,2330
1018aa051dd9,2600,2527
e9417af630bf,2991,2960
d342f30b94ac,2650,2633
d3d2a150489e,2832,2320
0d3693337282,2880,2540
ae74dd24e78f,2836,2336
5c679737665e,4256,3488
4aa21d7aa9da,4256,3488
d31e19c88336,3012,2996
da1118875920,2832,2320
7e73965d19a5,4248,3480
73368068ce90,4300,3494
3ad8424be8d9,4248,3480
4cdcc3f97bf7,4248,3480
deea6d6f81a5,3408,2490
d4600028f75c,3056,2544
c21af58fe084,3050,2539
80f7e5187924,2836,2336
63aefefa9ee0,4248,3480
0b8afa4985f9,1665,1893
75e9ae142078,2834,2539
ca76dfd01924,1387,1140
6e1f04f572d9,4380,3642
fd083e7493c3,4256,3488
5b82bd9b9d98,4248,3480
5465a55f0ee2,3032,3032
dce085d05b61,2758,2330
4c41ee92ec4d,2832,2320
8568c0c16033,4240,3480
dbc58e656ac7,2846,2330
3c15061a2340,4256,3488
8cee096a8d9a,3052,3052
ad8d4a5ba8f0,4248,3480
bead79d99849,2832,2320
c7d71e4e5b11,3001,2574
d26d72f208bc,2021,2021
4b9d75bf20ed,2802,2801
f82f99deaae2,4891,4020
a5b0a1b1c7c5,4891,4020
1247a878d605,2992,2801
279bde1a7b20,4240,3480
bb3076795a01,2012,2012
1be9de0044cf,2992,2991
ad85365d2935,2802,2801
b37424c5f376,4240,3480
00b767b49fcd,2846,2330
835e81040e61,3032,2520
a87158f376c5,4248,3480
d08d811fbb28,3032,2520
bfefe70b56ca,3056,2544
8e905f69e77c,2320,2828
b2ae7f9d7810,4256,3488
dba223ee6a22,2836,2336
699803decf1c,3408,2800
3bbe55d548e4,3072,2560
228358421179,2836,2336
6c08c0dbcf5e,2832,2320
84a4882645e7,1387,1140
6aadfed4ee85,4240,3480
34b56732e1b2,2220,2277
d91c35698478,2959,2398
e5d02148b87b,3050,2539
a9b110fcfef1,2836,2336
4fe716de1262,2836,2336
9740b0a40b52,3032,2436
ef0a3da0389f,4240,3480
d204955f43d0,4240,3480
1c7f9e0d648f,2880,2540
e4e410d26ceb,2802,2801
6d2fb9851b18,3408,2800
fd5b042e1cd6,2846,2330
b648e954aec9,4240,3480
db425300ac71,2802,2801
5521664ffec4,3032,3032
ea74b77e1d4d,3032,2436
126417f319ca,2832,2320
da7e9a1f7d8f,2836,2336
ff03d1d41968,4240,3480
8b69eacf9a7b,2832,2320
d23bb89c8ca7,4248,3480
ab042099e993,1387,1140
2f7a055ecb71,1387,1140
d26eba222019,2846,2026
0439b8a687cc,4248,3480
a643b580a4ae,3408,2800
36e787810ece,2802,2801
77eca83361c4,3320,2562
f0d5d4cd7bfc,4240,3480
c56fff7fa614,2880,2540
caa2caaa6fe4,4248,3480
0cb52238e1e2,3056,2544
2df3529c0288,4256,3488
0f501fe67203,4240,3480
d13af5659ede,1387,1140
8ec4d6584ec9,2740,2336
961f9c368664,3048,2536
3f8965bf4e6c,3052,3012
16bd0ff2f0cd,2836,2167
b7f21f95c398,3530,3250
1f40455598f5,4248,3480
a55ec6cda428,4240,3480
9a467189e9a3,4256,3488
687af7523c99,4240,3480
7290da441247,2832,2320
db9eda6d09e1,2836,2336
3855902bcfc6,4248,3480
40666b956095,4248,3480
ddd180015e80,2846,2330
294cda0e3c4a,4240,3480
fef5d9dd40e4,2989,2166
696797119b49,4256,3488
cded89549a2b,3050,2539
45a537917824,4256,3488
5f5ed3e7138a,2389,2587
ace9575166fe,3020,3004
bfb0d97704da,3032,3032
a36a1c21b087,2836,2336
21dab7687d24,2304,2552
0c28820c3936,4248,3480
36400b03d8b0,2701,2520
691e08460a87,2992,2991
2a04aa127aef,2709,2514
ef5b32cf2930,3000,3000
4cebe94f1fa3,2701,2520
2f5ba3a53465,3032,2436
012f57190f1d,2428,2428
6f433de37ffc,2846,2330
7b64da30378c,3000,2636
997cb09a3526,2949,2778
9be97a2b7f90,2836,2336
5a0f0eb86860,4256,3488
685114c3c9fd,3032,2520
f359472b41d9,3052,3052
77b79c8d52b9,2745,2330
0f6ef2363710,4240,3480
ac659a88deca,2140,1760
bbd03dd80390,2499,2274
79c7b0c4a34b,2836,2336
5bcb1367f5c8,2428,2428
ea85c81c2600,3006,3006
0df0bf2aa8dc,2759,2312
d0ce4a52df49,3072,2560
8593f5f96ea7,2846,2330
f39eadda837b,3485,3080
1faa20910bb8,3055,2800
78f5d0c4f4d6,3408,2800
a5b2a480b6e8,2836,2336
6489245ff976,2791,2539
bf670c1f4aa6,4240,3480
10dbfcaff3a8,2600,1948
d889eeca955d,4256,3488
50ec1ca08df3,2836,2336
10bce6d90343,3052,3052
e32caf657784,2642,2585
c05a1da5efe0,3056,2544
f983d62607b3,1387,1140
4909d1fe990a,3032,2436
fe426d79609d,4248,3480
f5fcdc2c97b3,2992,2991
2afda837a767,4256,3488
dde20ad3ce7d,2812,2336
45d2442702f4,3408,3320
11f9821dba42,4256,3488
fcad70b883e6,3032,2436
f1336c2ae971,2832,2320
608a6601635e,3050,2539
4aa31b279b37,1387,1140
41a752fa8005,2826,2222
43c415a1829b,2802,2801
5742dd6a999a,3006,3006
3e3a03d4b313,3056,2544
63ca42eab550,2802,2801
96fb9d37977f,2836,2336
7629bf276b94,2999,2947
918959bdda4a,4248,3480
4c847d99b31e,4240,3480
8f758c225c0a,2836,2336
ce03278781e2,2012,2012
4a5182888c71,2992,2991
d4bce67cb700,3032,3032
11c14051dff5,2836,2336
53b695db11a1,4240,3480
5026e8d1e6f9,4240,3480
5e79f836af2c,3480,4240
463eb8a9426b,4280,3520
61a8d64fea99,4248,3480
76d3ff2cc5ce,2986,2978
077209acb6e4,2832,2320
84d01a07c3fe,3408,2800
4afb6d501521,3000,3000
c5d4d2de662e,3050,2539
2446e23969e6,2836,2336
0a93116c50f1,2740,2633
321c4554bd23,2816,2874
222f1194ae9f,1880,1795
edb1520f945c,2802,2801
a238599af4e7,2836,2336
a159880ddb87,2836,2336
f85fe770048a,2846,2330
36d85956f758,3056,2544
6ea6f1a79e68,2836,2336
4a5e11ad2ea0,2970,2977
1563b7136682,3032,3032
77f27efcb27d,4248,3480
01a6995ec763,3032,3032
e10f738658d3,4248,3480
4087a0bee42a,1387,1140
ff23167d20b4,3408,2800
efdc1a6d4739,3027,2516
937890b92ad8,2836,2336
e51b49a19853,3056,2544
3909a21dca77,3032,2520
176bbcbb90e1,2414,2520
455a7af10292,2584,2378
5381361e3e3c,2872,2416
e5e4babc03f5,3000,3000
7b4eafaf6b6e,2832,2320
0e035b62d9bc,4240,3480
4701e1705503,3032,3032
76add43e359c,2846,2330
1c4a70106271,3408,2800
5313f8579e68,3056,2544
0ebd891068eb,4248,3480
696a6fb47142,2846,2330
8ee9cdf489cb,4240,3480
b13d2f8ad15d,4240,3480
3ed100de7738,3032,2436
87982e4a0999,2836,2288
1fd004c2e4f7,2836,2312
8f3ea7909126,4240,3480
70559aabae55,2508,2314
baf8f3ddd11d,2836,2336
d30a0e3f2539,3032,2520
77705ac8ba49,4256,3488
478d6e906137,3032,3032
ebab8906e37c,3408,2800
43fffbee28c6,2880,2540
86a2f241cf70,2976,2946
6d48891f25db,2836,2336
a62165f76102,1387,1140
a36b36e5b4bf,3050,2539
0f9709784c19,1387,1140
a1fa036afd0b,2938,2801
7049d03afe69,4248,3480
d4ccc9527fed,2992,2989
2d36cfe06dd6,4248,3480
4c6fb1b7def5,3408,2752
5726df771382,2589,2113
45f585026317,3048,2536
149c73c79507,2836,2336
ad804344f3ed,3056,2544
4d39491880ac,2999,2979
4c0af9bef102,4240,3480
68fefe8da0b5,4248,3480
71b24ef355ee,2882,2662
2857435b9c7c,3032,2436
2b1d0d491337,3048,2536
793ddb7bc6cd,4256,3488
5caf07ed75f4,4256,3488
3e7b2ffc97db,2753,2954
96304720ba90,2954,2943
4ff81f916fac,2832,2320
7d872d2e4b17,4248,3480
8bdb314baea7,3408,2800
6973c4f114b7,2386,2158
935219ffc68c,2832,2320
ace7a9702770,2753,2954
8d774f02657c,3408,2800
0acec7010081,2753,2954
68f068c70a64,4248,3480
0b020a7aff0a,2753,2954
f59a4957542a,1387,1140
56fdeaa6a96a,3032,2520
e71bdbebcdfb,2990,2414
2b2bd9a06cb8,1962,2430
e2080f0e0731,2836,2336
cd00eccb2237,2992,2991
a084c4e685d6,4256,3488
cacb3aaf4864,2828,2320
a75ecb11c3cf,2992,2801
a414f67f5735,2991,2476
e0c96098a396,2620,2336
e2aff1ebc305,2836,2336
ecac712485f2,4248,3480
a648b88334e7,2993,2590
26639aab6967,4248,3480
12fe8eadded1,3052,3052
c8ed6a592b17,2846,2330
0e601185ac46,4240,3480
6f20f36051e5,2836,2336
a5bbd30ed109,2991,2476
ab57c9740b8d,2836,2336
18ad6447775e,2701,2520
f1fc5304fffd,4240,3480
571a303b3eea,2798,2801
d4a95c651918,3050,2539
5ae2e80ff901,2836,2336
3ad901a1a44e,2746,2649
3754d8925770,2992,2991
2592102f6b5c,4248,3480
371fdb603115,2802,2801
772ba57006a3,3050,2539
4deec2dd94da,2302,1893
039159f7b61b,2846,2292
66712e2fc6a4,2974,2455
e8f85222d2d3,2880,2540
a3ca531101d3,3027,2516
d99dc9055ace,3050,2539
6dfeacd5e499,2982,2593
30eae2ee5011,3408,2800
706855efa152,3056,2544
b6959ada9a45,3408,2800
b6aac964746c,3056,2544
cb58d88f4a6f,3032,2436
ae141aeb53b8,3050,2539
84b58bdcec7f,2992,2809
2dd56460ae48,3032,3032
83569c76974e,4240,3480
9ecea2d9c832,2660,2180
035e8786afef,2836,2336
4044589e4d6f,3050,2539
ea516e218fe6,2974,2455
49cc605a04ae,4248,3480
3a33f16fc22e,4256,3488
e94bf9f014f3,3032,2436
cfcc4573998c,2884,2539
2b3a2f4dc864,2930,2801
a510b3efc3cc,2996,3052
21ab803037ad,2846,2330
dc233db14a5d,3381,2868
e14b52100bea,3001,3001
d899ba3a99be,4256,3488
270bbfe1f9e5,4256,3488
afbaf5916fbe,1387,1140
327996961b8d,2836,2336
882aa657e170,4240,3480
dbd1ea0edec7,2140,1760
f6f8579aa37e,2836,2336
9ac01e0eac7b,3032,2436
3d446575cd76,2872,2416
fd14128a2a4d,3072,2560
b5a415f70aa9,3056,2544
56cdb0916363,3000,3000
01e7fdcf87fc,2012,2012
14852db2ba6b,2740,2336
046fd0c18f22,2836,2336
c78c5ad6d546,4248,3480
35fd2e2f7754,3050,2539
4f72ac18bbb9,4240,3480
a123e9cd1475,2684,2336
8467afadc7f6,2140,1760
2cfd932d8b97,3056,2544
5a7382019a31,2836,2336
e0498fc49487,3056,2544
72cf260ddf4c,3056,2544
cec07acf2c6e,3032,2436
d3b03a75c6c1,4256,3488
fd4ee26e48d4,4248,3480
187a15369d36,4248,3480
c6c12ad89dec,3052,3052
f7f96b1c0204,3032,2520
9fc671f79108,2836,2336
e547eeebb69f,2836,2336
10ea16180595,2140,1760
3a001d5ccdc4,2836,2336
06862b0aa1e8,3056,2544
e1f9501f001c,3032,3032
9a535eed7d2d,2133,2039
da5ffdde0725,4240,3480
7452ddd5b44b,4256,3488
e34939f0a328,3032,2520
61ad1ab420e5,2140,1760
93979c3e3177,3056,2544
cfeb8f03b0af,2836,2336
4e078c23b8cd,4256,3488
ffe942c8655f,1387,1140
42798200d0ba,4240,3480
3784d66cc685,4248,3480
841d4ce2cfe7,2832,2320
6f27afc5a710,2832,2320
f420e3696115,4248,3480
33d785242996,1387,1140
d7a2083fec46,4280,3520
e1b500e2ea12,3032,2436
243d84bb9946,4240,3480
0044e449aae1,2836,2336
46e4bd625d3f,3032,2436
8e1b341d6ec7,2140,1760
78a25e4b11dd,2836,2336
ca3940494328,3006,3006
b2cb89d90286,2992,2991
f24100b16cb6,2431,2010
50b4385f5c66,2832,2320
477ef09becb6,3032,2436
beaad17c1748,3152,2895
03fd83fc90d9,3032,3032
c7632a48f7e7,3050,2489
84f3332876cf,3056,2544
0ecb5373eee0,3408,2800
81136f88928b,2802,2801
44fd41135c61,2140,1760
51ab86766313,2208,2140
4bbe8d48fd9a,3052,3052
784a93fa9ee8,2846,2330
c30135419d0c,2825,2610
fe51be23ad08,2836,2336
aa7fa629acb3,3032,2520
918ab38e1f0f,2870,2516
50fcd52cecf5,4256,3488
b0fd4cd6e6c0,2971,3156
0d17348ba547,2992,2991
cbf0a27f993e,2992,2963
b262a59ecc06,2992,2737
6e37ebd5e141,2832,2320
1b37d5ea40d0,2836,2336
bbc9d4788978,2836,2336
0f5af2c75ba0,2836,2336
a35fafa081b0,2748,2336
47643f20a15e,2832,2320
1c0f2dd64fe0,2140,1760
0a9432bfcc5b,3050,2539
7bc56e205e08,4240,3480
8709a6be6eaa,2920,2320
5f5cdc44b299,2836,2336
1db7053ca14c,1387,1140
179b83581dcc,3000,3000
6c8fb4dd5fd7,4240,3480
63094fcb1019,2140,1760
300b663f5b0e,2832,2320
94db5ad07806,3408,2800
20cde26bb6ff,2802,2801
9539fdd22027,3050,2539
8a6178c3911b,4240,3480
d6b9c7d34e75,3056,2544
3d9c95938f42,3488,4256
24450cd3727d,3005,2767
8452410ab20a,4256,3488
ed3bea59397c,2872,2416
7d4fef26747e,4248,3480
72faa8c278c4,2996,2988
3101eae88360,3056,2544
7847e1ea4307,3480,4240
95ebf6f3aee6,4256,3488
2274c9443ffd,2940,3052
6ec7006d0320,4240,3480
2e1a618166f0,3032,3032
965c4968f3e5,2980,3004
2652dc8fcb4b,2836,2336
6614fa860542,3052,3052
f87b978285e8,3050,2539
1b98d395bdb5,4256,3488
c8cf39d50d34,2880,2400
effd1810f790,2755,2745
d9d38c4f0b20,2802,2801
3a85c5bfcd7b,3052,3052
07c6b234a94b,2992,2963
c636ac67c19a,3056,2544
f7c7683d6ed9,3056,2544
d5c7bb6ca545,4240,3480
5a3605f90540,4256,3488
51dc130ec62f,2100,1798
8d4b3609ed92,3056,2544
8cd1ad8955ad,2431,2010
853cb8ab4029,2836,2336
90836bb5b6de,1387,1140
f32e1212203a,2825,2824
cc145c438168,2978,2567
1d96a1349a36,4240,3480
0965160ad057,3052,3052
3d144fbe4958,2992,2991
6494a03199e5,4240,3480
45e1f7b258d1,1387,1140
14bd5c85aea2,3004,3052
05960ccb10c0,2906,3000
36c748936087,3032,3032
d61f54f774aa,3052,3052
4818a62bb220,4256,3488
3041c13193cf,4248,3480
f4be52d4e6ae,2681,2184
5ce66c2df0a2,4240,3480
2c520dcf9515,2838,2330
e0f4c2ea7603,2836,2336
c19746f104f2,3050,2539
ac1c89907fa2,3044,2536
94dfaa1ebe4d,2872,2416
eb446b336fdf,4248,3480
2905f86286db,3048,2536
e91403f2b6da,2992,2991
0133bf9a5f5c,2836,2336
4fa890061bf6,2502,2232
015484acb9cf,2836,2336
c7492c714ecd,4248,3480
61ec09d32116,4248,3480
266cd3b181c5,4248,3480
2ae75e3c1a63,2832,2320
3a6acd941fc0,4256,3488
dc0339fa6725,4240,3480
8d4c57ef78f9,2836,2336
823797c902b5,2880,2540
a78f01529895,3032,2436
a039679aecf1,3028,2732
df22e4564d8a,3056,2544
7f14798af38a,2836,2336
a4a0a64989fd,2992,2801
761288427a0d,2846,2330
6471803ece87,4248,3480
0ecd5e7e89b0,2840,2874
fece1740823c,2836,2336
cd6571846bba,2872,2416
1d65ce594196,2867,2866
8307346433cf,3056,2544
384de6416f6e,3408,2800
ac122c375a7f,2836,2336
0a3afeef9c01,2802,2801
dded5cc225c0,4248,3480
ae51872bd2a0,2285,2271
1311dd6f5c2e,3056,2544
35da4a5a0201,2992,2991
31d499dd751d,2988,2996
0d5988fe9620,4240,3480
68bc7bc6ad65,2539,3050
e11854af4478,2832,2320
bd2509cb2f13,3032,2436
2ab080e51a21,3129,3219
d74ef8961bff,3032,3032
ee086fdd5c81,3498,3151
ce6c51b4fff8,2802,2801
c4776e6a612b,3048,2488
2308e67bc9a8,2992,2539
ff9f10a24c27,3000,3000
787dc6109e4a,2836,2336
67ad8c8afe8c,2140,1760
adaa7dde6a5a,3408,2800
43721cdd43d7,2759,2351
3b6ad60071d4,4240,3480
1f1d14c3edca,2832,2320
b2c1f6501551,2802,2801
089bd77c8c10,2796,2711
3566e20a178e,2140,1760
b3d4f33ea91f,2539,3050
8e4c6528fcff,2523,2178
a4154723fc47,3032,2520
f74ba5dd0f35,2836,2336
3577ee4f26c4,2140,1760
f5428f049a02,2918,2266
696dd2b20ebc,2832,2320
e8e902f1b426,3050,2424
8d003476a0b9,2836,2336
315967232685,2846,2330
ef7d4d77a524,3056,2544
76bb17698bfa,4256,3488
d7bd07106cd1,4248,3480
b61f3493c551,2796,2711
b7fcb9db9d69,2836,2336
04bfc50a592b,2926,2309
25d509aec102,4256,3488
238208eb51b4,2846,2330
85e9126deab4,4256,3488
9304a960bfcf,2992,2801
6656a202d5e9,3050,2539
4ffc2689420f,2992,2991
b85eb21acdd7,3056,2544
267feb0db182,4240,3480
ee33ec236561,4248,3480
76d45ddd80d8,2840,2536
b287167d9c72,4240,3480
31f599eed7d4,3249,2689
d711aaf80ece,3032,2436
f4076663653f,2832,2320
1a5b81d8f067,4256,3488
b7eb26ddf5a3,3032,3032
390ce1f029e7,2798,2793
acca96bd8543,2012,2012
ca8ecb88abcf,3408,2522
62235a2912fe,2836,2336
23cbb38b6a8b,2836,2336
82d68e44143f,2832,2320
2db8cefa1c69,4256,3488
b6cd2b51fdbb,2652,2292
250e141ba53a,4240,3480
6ae7f30df43f,2992,2991
bdb66fe06369,3408,2800
7c87232477d9,4256,3488
2fd784cf972d,4248,3480
7b64f13eadcd,2832,2320
4691e42f9447,2836,2336
2b89836e651a,2992,2801
bc0564a2a89b,2836,2336
8ec92e65cd35,3032,2520
cfecc1391cac,3048,2536
fec0f573e821,1387,1140
32db31429adc,3048,2536
141d909aeeec,4240,3480
4f39b14d1bc2,3408,3320
5ef8fda13991,2798,2801
d287c6d8d984,2880,2400
23311f777947,2836,2336
2d9270f6aa14,2991,2954
5557550c918d,2880,2540
7072c0a0fc8e,2978,2977
b09305903d46,1387,1140
2af4fdd6b125,2846,2330
137dd4fedd7f,4240,3480
c73e3e0a98dc,2678,2960
743d32c78e2f,3004,3052
75f207c4945d,3165,2800
a5ebe374bf5f,2832,2320
09cf9767a7bf,2836,2336
0b9ceba31ef2,4240,3480
4407005b8627,2832,2320
339898ec49b3,3221,2800
af6e597c23c4,4891,4020
61e834204727,2836,2336
168dd478cd66,4240,3480
67b1b1cc7551,2836,2336
4b4f8dbaa9ae,2832,2320
66547689da3f,2836,2336
4f84c6747e86,3408,2800
54155a058e38,3032,2520
0729e35c1829,3032,2520
3251819ccfaa,4248,3480
fd307ea3d74b,2726,2417
65761e66de9f,2783,2330
df9f31db0683,2992,2991
6534a837497d,3056,2544
bcb1d52e4eab,3408,2800
1982d1c817bf,3408,2800
404d6bc85544,3006,3006
64378532251b,3027,2516
5f9d4c174eb0,4240,3480
672aed2a462b,3012,3052
5ad1df47efad,4240,3480
6a65015db6d9,3050,2302
ca37059c690b,2836,2336
d93b214337b2,3056,2544
98251234bce9,2836,2336
dfd9078a4c6d,2400,2812
74ccb87f76a1,2802,2801
22369e7ae501,3056,2544
395e9f2c003d,4240,3480
dee4386e2a5b,2835,2538
fbc362185c6e,3032,2436
07dadb4e8cb6,2835,2538
4cf41c062d0c,3028,2282
16329e63780b,3000,3000
4c951c9bf926,3056,2544
00a129830f4e,2836,2336
218bcf950372,4240,3480
12b7ba1557a4,2832,2320
7c5ea470acdb,2836,2336
c5ebaf0ae1ea,3050,2539
e6cc65d9de1d,4240,3480
45ff2dfff073,2796,2336
a7c8151bb532,2827,2414
99184002f904,2836,2336
19d190bdb8fc,3056,2544
ce0b9e47976b,3408,3131
c7b23395d254,3032,2436
657cadad1932,3408,2779
309bf31ca42f,3012,3052
ab54605f795a,3032,2520
c338662fdbf2,2653,2292
148e64c35cca,4256,3488
9a5dbdb219af,3050,2539
eccaf6f1363c,4256,3488
d22fc49476cd,2872,2416
c07a4e3f05b1,3408,3320
06a48d5926c9,2836,2336
e97d5aac1196,2832,2320
5e5e0e2cb5f8,2140,1760
ce281e078ec6,2802,2801
b59d33bfed06,2759,2536
0d8880eafa68,2908,2876
ba57c39bc15d,4240,3480
22fe2957bf1c,4240,3480
c1c59cc300f9,1719,1920
a1953d74acb5,1387,1140
2ad5782e69a0,4248,3480
c856df093501,3032,2436
4e0594bdf6db,4256,3488
8fa1a6190f02,2799,2536
8116db865b1b,4248,3480
130471fdc458,2832,2320
90b69e8772e3,4248,3480
a5b12ea05ca9,3050,2539
67ea53f37acf,3032,2317
2bc9a5dcd549,2802,2801
abf01b4d1a7f,3056,2544
09b37f2317ca,4280,3520
9bc4d429d4e8,4240,3480
fe139a50727d,4248,3480
a613a3d1b65d,3032,2520
b5c1fce0d97e,2979,2882
ae875b5c1183,4256,3488
b357652d690b,2832,2320
8e61417538a3,3032,3032
a74d957a5dd3,4240,3480
5a7185c0a991,3408,2800
44e79d625228,2836,2336
77df51dd6011,1542,1660
ba91ca301cc2,2726,2539
de8583c07c80,3050,2539
8600e434d5f4,3056,2544
355991eaf97f,3032,2520
35e809b03440,2830,2330
c8db995dc545,2924,3028
9428ac73e507,3052,3052
bad16fab66e2,4256,3488
759b6afea372,2836,2336
00e37a390f0f,3056,2544
76264298dfc8,2604,2336
78108839e24b,2832,2320
082d3af6ecc0,1816,2778
e04475d83cc4,4248,3480
31982947798b,2832,2320
e5321c43236c,2840,2874
1c0d8460a527,2846,2330
93eca9269f97,4248,3480
2f21be53ee88,4248,3480
20c4ea1cc82c,4240,3480
923cd3a3f444,2846,2330
cef058291a3e,2836,2336
05801635f7db,3032,2520
17d9648d4755,2836,2336
8671f7920c4f,4256,3488
d1286290a3e3,2836,2336
9a5617c34ef4,4248,3480
d213cf9b4869,2832,2320
967482047b0c,2014,2124
a511eb6f070e,2140,1760
68c7b2a6fd54,4240,3480
c38ec9e0f7a2,2802,2801
66df9cea79fd,3050,2539
e9c099d7fe7b,2428,2038
dedee227b323,3050,2539
3990faf57c45,4240,3480
479739d8c10d,2056,1715
9764ac3311c6,4256,3488
6a68df986523,2846,2330
833c4deedea0,4240,3480
9e9ae49e07c3,4240,3480
0cdfd3a820cb,3056,2544
f05302f48c86,4248,3480
6b09faf8025c,3050,2388
d8e311373f9f,4248,3480
84dc9fd9a9d9,2906,2954
4c2714edd8b2,3032,2520
8fdfbc406155,3408,2800
38e710e131ef,4240,3480
7d897fd639e6,3056,2544
58d11abecb64,3060,2548
93adea56f466,3052,3052
fa9ccef257cf,2650,2925
7f5bf976d86c,1387,1140
00c1515729a8,3050,2539
f64a656b5b94,4240,3480
b78d21410f4e,2832,2320
43315bd4ed4d,4248,3480
a6e715a47642,4256,3488
e8acb84b31d9,2836,2336
0c5302698d64,2964,3044
bd40b2e9ca96,3408,2800
2405f92dba05,3032,2436
21acb15b9ee4,4240,3480
fc3389119c38,2992,2991
53c7f73707b7,4248,3480
5daea5db8804,3408,2800
5df652c28a0a,2544,3056
92d27a1b8959,4256,3488
3c7dd8838f5b,4256,3488
c748bd5f0801,3408,2800
e1a154e893ee,2972,3185
b485fd7ad826,4256,3488
3922e7ba8993,4240,3480
4b89e049fd7b,2985,2692
9f1638565532,3408,2800
64f9bb437b54,4256,3488
17eaa61e67ac,2880,2540
c2c02333e537,3050,2208
5c61750f5576,2840,2874
243f2b54cfd6,4240,3480
5d395c326622,4240,3480
0ac7cf154967,4256,3488
db9f538fa315,3032,2520
267f44ef1151,4300,3494
1a1ba7e152ac,4240,3480
edfdcc5fc9a7,3032,2436
33f7d4df8a6a,2832,2320
9c54d746d207,3056,2544
f78d724cd9af,2840,2874
4b8f99cecd6b,4248,3480
3f1c22fc4852,3032,2436
09c38e11a8b2,3408,2935
78298f509c7b,2984,2969
99e8d942f5b8,3480,4240
cfa01d43e0b2,2802,2801
57c59f4d7d3e,3056,2544
e64a3003925c,3050,2539
c2072f9eaca3,2832,2320
603ffc1653fd,3408,2800
fc612cef0a2b,2140,1760
1933d1afe1d5,4240,3480
c047b07e9259,4256,3488
5326c1a943c2,3050,2539
cbafcc5bec67,2836,2336
9aa6996f529e,2832,2320
8f2ff228baef,2800,2874
384befafa4d2,2338,2080
69375ca1d84b,2846,2330
19fe0e60de1e,2836,2336
8477d4f5f28e,4248,3480
8a1656fc551a,3032,2436
563f8a6c25fb,2677,2610
979ff6fd60d4,4256,3488
907d3c9c0f80,2836,2336
64edcb7171b6,2992,2991
792604c4e33e,2840,2874
eab8dd7373b1,3408,2800
3cfb0ca1d73d,4240,3480
3d21f78391c8,3052,3052
757ebf7db4b1,2308,2655
396d618ed171,3408,3320
dba736a15103,4248,3480
a61ef3082c98,2262,2312
066fa5edf346,3056,2544
95bf5f4f6153,2840,2874
709d6696892a,2846,2330
0846041c1efd,3032,3032
023b985092de,2726,2446
85628cbe2cff,2836,2336
eb453bda08ad,2836,2336
2fc613ae8cd2,2836,2336
ed239335dbbd,3028,3012
25400558ba1e,2836,2336
23b19483fc4d,2990,2701
c331d370cee4,4248,3480
cb1e65b865bc,3032,3032
fb67948ac1f1,2836,2336
5eb876ee69b1,3050,2539
422220ffba3a,3032,2520
78383a97e9b8,3032,2520
c76aafa94feb,3006,3006
0823ab3600b6,2990,2967
b439e41975f1,2832,2320
ae69378d7075,3056,2544
c6518cc021fa,3005,2744
bc364d0be47b,2836,2336
293dfd740406,2832,2320
e333d231d64a,2996,3124
8264e04044f7,1387,1140
25516b6f6f44,4248,3480
1e59a284b96b,4240,3480
90118b900db4,3032,2520
8bb20ca76aad,2836,2336
77d467297fe6,2836,2336
5d062f8686ff,3050,2539
df3d32c8df06,2880,2540
a373b3a084ea,4256,3488
7f6e5387f1da,4240,3480
615961751bc0,2836,2336
a19658675c6d,2832,2320
a618d316ce00,2836,2336
71bb8ce24380,4891,4020
be6fdd09230e,3032,2436
dcdc855f8484,2840,2874
d3ab6de09006,2996,2988
167ce338bc60,4256,3488
8555f2e32e4f,2836,2336
a2750d831985,2994,2993
66a513ecac8f,4248,3480
a535938eb950,2992,2801
4a49c6fab60b,3050,2539
888109901b29,4256,3488
1a28634909f8,3072,2560
6d6f7276dafe,2880,2540
5301dfecfce2,2140,1760
0b1232ca1217,2992,2991
df75373d0de0,2836,2336
82a63487db90,1387,1140
0124f624dacb,4240,3480
4fc2c59d28a1,1387,1140
e1d9aae185a7,4248,3480
629dcad5ff4a,4240,3480
804533e070aa,2878,2805
6e8868fb3d1b,2926,2781
142ec2f06025,4248,3480
5953aeec0d40,4256,3488
0660475631a9,2504,2163
42b95635cfaf,4256,3488
31699372f456,4256,3488
6728e11290af,2140,1760
620e3af99c50,4240,3480
94c300b17fb0,3050,2539
8029bfa40f02,4240,3480
f1c480efa141,3408,2800
da1fe5114419,2836,2336
608d574388ba,2140,1760
bb4464812bc3,2836,2336
ea2facb80e15,4891,4020
fdcea381ec38,2836,2336
25eb1bccd8ce,3056,2544
ed77e3dd29ea,2836,2336
cc80f91e686e,3052,3052
f80c6d2df74d,3056,2544
8d9892c5b5e7,3032,2436
19207b14690b,2952,2551
54dabacb80c3,4256,3488
0d08f110042b,3408,3320
7d3ba5b93a6c,4240,3480
d249f6b76d37,3050,2539
eb3be46c1a3b,4256,3488
f8ee23f1f772,2846,2330
7ad04f964fa8,4248,3480
b9176ad8599e,3056,2544
f14beb141ab0,2920,2539
38062b72ade6,3050,2539
5168865feb46,3408,2800
08cf0b5663bd,2880,2400
0635d8f989f1,3052,3052
56b0b5110844,2836,2336
d25f3ff4abfe,2660,2180
115dafa39d2a,3032,3032
3b0c96215b50,3408,2800
60817e016816,4248,3480
f631c9b15608,3056,2544
aadebc7de4f9,4248,3480
990216aa9f08,3408,2800
d64f150c2227,2735,2330
cd6dda2e41a4,2992,2991
d004cf7185e6,1387,1140
483055c5b1dd,2846,2330
e16d2a45229d,3032,2436
093e5e69a2af,2836,2336
653cc3df5c01,2681,2514
208129e06010,3056,2544
644c60497cf1,3480,4240
69c87a26bf46,2846,2330
e9e89d9b3a95,4240,3480
82c84d5079b7,2880,2540
df4f1240317e,2140,1760
0242367347b8,3032,3032
36c1215ea4cb,2832,2320
ebbee1cd7799,3056,2544
8a77f78902e0,4248,3480
ce59edbb28b4,3408,2800
80cbb8146744,4248,3480
1ea01196514a,3056,2544
54ff4b7c1651,3008,2536
bf38706c813b,4240,3480
bdf485c8b391,4256,3488
bd02dfbde27d,3056,2544
c6037359e2ce,4240,3480
1306eb815ce6,3056,2544
5f1d8b846c3a,2955,2974
12fd7e210fae,2428,2428
1a1a7f2d1de9,2836,2336
17d416792b4c,4240,3480
30afde330074,2299,1940
d3acddc972a0,3020,3052
d510e6e49ca7,4248,3488
f9672a3734f5,2836,2336
96214bc64449,3050,2539
311b7f98fd08,4240,3480
d824859c732d,3284,2681
8c7e4e176b77,3050,2539
f57c7203c250,2992,2801
c4dfcdff7d48,4256,3488
f36fff73055c,3408,2800
866e3622cb24,2140,1760
3976de768891,3056,3198
5b6f5159204f,2992,2801
12c435a26db5,3408,2800
acb3af026387,3028,3012
102e27cde152,2140,1760
f610482754e0,4256,3488
1567909b87d1,4256,3488
b63cb08f163b,2450,2170
7dbf5ada5b7b,2836,2336
8a3c5c1c6fed,2836,2336
3f4c3756eccf,3056,2544
ee5e6e4a7c3c,4240,3480
6f3d0dbe125a,2836,2336
20afe4c0669f,3004,3052
b25deae7a11a,2836,2336
e545e07a7a06,4248,3480
d78a5e749b78,4240,3480
38ab5750fb0f,3056,2544
16cfb722f2c3,2846,2330
a0eab82cc525,3056,2544
65cc904992df,3048,2536
31d40712a358,2832,2320
d668e03169fb,2616,2330
746cbd139bba,2880,2400
22281025b784,3408,2768
05d9bb69dbb2,3032,2436
44d5c5edbfc8,2832,2320
cffa8feeaa70,3056,2544
c3b793e286a4,2992,2801
f9afc92ac7e1,2140,1760
0f772da67097,2836,2336
7b7b282374f2,4256,3488
94c14ab04442,2320,2828
617d605ce432,3048,2536
98e895293a8c,4240,3480
bcc0722cdd33,2940,2659
faae22ec95ed,3032,2436
e32e6427aee7,2836,2336
e3e2f20e0264,3480,4240
8b89d443f038,1387,1140
685ec8f1aa86,2836,2336
1804c4f0da52,3032,3032
bf3e8bd12c78,3408,3320
09c909226d35,4891,4020
939862cb5fa4,4256,3488
566228fcdc9e,3056,2544
aa1210840879,2884,2539
ba994c64f085,2992,2801
7253921f7599,3408,2800
7bdc24bf4984,2992,2991
db2e41ee691c,3408,2800
1ce01f7fdb1c,1387,1140
e366fa659c3a,2798,2801
f9c45ad6c3ab,2988,2988
0c06f6f96a5a,3408,2800
2956ded61ed6,2832,2320
f950874f53f1,4891,4020
56ff7c4e1f41,4240,3480
2ac1789f2aec,2846,2330
2b73d6e95825,4256,3488
5d20ec8ff263,2836,2336
2ebb1245bd58,4240,3480
a708f14bde9b,2846,2330
03a1614f51e7,2872,2416
9fe6a60764df,3056,2544
7da23a5ccafa,3050,2539
13b58897c586,2802,2801
1f89c98d76fd,1387,1140
2f12dbb2caf2,2836,2336
4b2e0cf17d8d,2836,2336
ae208be9862d,2012,2012
6dfaf2639dcb,2832,2320
04a0b90d7875,3032,2520
d5c17a1b24bd,2786,2958
030897965e6c,4248,3480
b86bb52a7263,2982,2950
746109e7ea0d,2832,2320
041e01732a79,2660,2180
fda9216898b1,4240,3480
c25cb2b70419,4248,3480
f476a80e622d,2549,1934
8fb8e619bf44,2836,2336
915134eb4f36,2992,2991
ca05ff950675,4240,3480
3fadf4b48db3,3052,3052
18f38a3c9603,2996,2988
bab41154fe6f,3032,3032
c4fa3a69fae0,2846,2330
808c6d6f6aba,3032,3032
8b8b1f95422d,3408,2800
e424044b1d3d,2872,2416
70a7e221ebf5,2802,2797
7064823e0cf2,2836,2336
84d7ae4029ea,3050,2539
86a50cee56e0,3000,2991
af2483e31bc1,2836,2336
7b5b5f6bcda4,4240,3480
fa4b350599db,2836,2336
353d5dbe2de0,2350,2560
8473467dea2f,4248,3480
46cf2d33c99a,2136,1541
d14e97468459,3050,2539
6ad1a5c3e2de,3056,2544
29a62f1d3a51,1387,1140
1dc7459cb081,2804,2858
abb96ea8a826,3480,4240
c9132d004fb0,2428,2072
0c2d323a04bf,2836,2336
c94baa9aacf2,2880,2540
08048f170c29,2832,2320
815c1f50a9f9,2802,2801
8c19d383f567,4240,3480
a818e98c3f90,3056,2544
8b37ca7541a6,2836,2336
562962571ea3,2880,2540
35f3e874a4d5,3050,2539
3302ff0f13b5,2802,2801
c931296826c2,2828,2320
fe7fd0793fb3,2832,2320
ced0475f445a,3052,3052
8b2cf9761012,1387,1140
4e3cc33ab9c3,1387,1140
3be2137ceea5,2836,2336
8d172794061c,3050,2539
4e0ff8b88667,3032,2436
7b0d8d2e8a45,3408,2800
90d6ee54e019,4240,3480
9716d3f70842,2643,2946
24ebd6160feb,2909,2287
96324b46bc4c,4256,3488
6981cea218db,2652,2336
3892dd928d72,2836,2336
2b1242514f50,2826,2985
0e7027655230,2802,2805
7dcf6521261f,4240,3480
4dcb2faf3dbb,2872,2416
a1fa5f79671d,2804,2858
6366191bfe49,3040,2536
93a881fb3292,2140,1760
74bbd4c284d7,2468,2117
05ccf13c1980,3032,3032
6660efe110ef,2832,2320
f949cb1a7430,2832,2320
056df0ed9048,2972,2979
204b76fa911b,2140,1760
d664645b5052,4248,3480
94825b693577,3048,2536
3d963eeddaf7,3050,2194
f006f6d44a9c,3056,2544
d175da4e3357,2832,2320
19f96cb8225e,4240,3480
eb5282ff3153,2539,3050
7a859438ba13,4248,3480
1e9fe71f89bf,4248,3480
6967d87c4eb6,4256,3488
b7cb40ae7704,3056,2544
e830ffb5a568,2846,2330
b6644d984e8e,4256,3488
7bc910d02031,2836,2336
6f749e2783e1,3408,2800
b2afb15942e3,2836,2336
c29a784211e5,3032,2520
7df881fef70d,3056,2544
13131b0c3db4,2836,2336
36935dd80ace,4256,3488
f4711a5828f7,4256,3488
95be342e48de,2872,2416
4039de3f81c8,3052,2996
80d9d15d39ac,3032,3032
322505bea742,2832,2320
00e3a7e91a34,2140,1760
030729b6b204,3408,2800
1e1a624d65a6,2905,3000
13b8f1e69481,4256,3488
92bcb7f3b9f0,4240,3480
f4821bf6a247,2998,2219
ab4ea96e3ac6,2836,2336
129a15123634,2140,1760
4ac3ee3e850b,3056,2544
3f9b1542800e,2983,2949
0ad09f62fea8,2866,2801
b37a7290d957,3072,2560
14b5b8104a38,2836,2336
3f21eb32736b,2832,2320
dee1f922c02a,4248,3480
49deddab9255,3408,2800
8274fcf54561,2228,2330
ac5006047f9b,3552,3494
545fb830023d,3408,2800
13d85fa31653,2846,2330
458d3c84b5d4,3032,2520
17f9fe06e00e,2836,2336
c814bd58330c,4248,3480
a118217749bb,3056,2544
479df4fbe9b3,4256,3488
b8f49f7710a7,3056,2544
cdd9e3aaf45a,2140,1760
d8802f7de108,2992,2991
caa6cd6c458b,3408,2800
275ca4ed9c8a,4240,3480
0d4d6acc9ed3,2140,1760
89a1a748ea89,2840,2874
3c95977cdf30,4891,4020
d93b8a8335cf,2836,2336
6842040e66c9,2880,2540
e0eddccff7d7,4248,3480
bdf127e8c7ed,3050,2539
b499fac56372,2836,2336
73d421bdd99d,3408,2800
bf777c3eda76,2978,2805
6fc76ce08872,2798,2735
65824d1084c3,2597,2028
d0c92c3d9446,3050,2539
299ca999e917,3032,2520
c41faeef254c,2872,2416
cd2d1e229ace,3408,2800
a5efe4c77d96,4248,3480
de94a43e947f,2880,2540
cc7023fca3c2,4248,3480
1e2478058c15,4248,3480
83600d321b17,4240,3480
719f3b26689f,2498,1968
90e192f887df,1387,1140
29e17eb29c38,2156,2468
219c5c0ceb96,4256,3488
8cf4d311fd34,2660,2180
64f5b678b388,2836,2336
9b869ba312d1,2836,2336
42837793df83,2836,2336
f3dd0489e1a7,3052,3052
21604e0ddc35,2780,2362
7f9ebbdae8b4,3050,2539
0120c5c1352b,2836,2336
1ac5ebc38ca6,1237,1168
982d490479ca,2836,2336
ba8aea1353b3,2802,2801
53d8f531e0a1,3032,2520
29e03a090c2a,2907,3055
ff01229b525c,2836,2336
5be5463a7891,4248,3480
1de2c4948019,4240,3480
3e20d421e7f6,3408,2800
3b95973fa9d7,3048,2536
07d26e1998f3,2836,2336
cb2ef4909f2b,2332,2428
9eff5c508036,3056,2544
547698257647,2012,2012
7fd3883d944d,3050,2539
d39fcb354f20,3032,2482
05c34e480f64,2836,2336
50408dc942d6,4248,3480
56c506249be2,3032,3032
055fc441c5e4,2840,2874
c33a73b43dea,4248,3480
8e40fc497165,2802,2801
a2e7b1ea78a0,4240,3480
927f5e9140fc,2992,2991
a3e473d88466,3056,2544
0896c046c581,3050,2539
13ff01cf36f8,3032,2520
22cacf0ecfa0,1387,1140
adb5a8631ace,3056,2544
90d3329608a1,3050,2539
42a27e1fa3fa,2832,2320
c46f10867c23,4256,3488
fa33ca708967,3050,2539
3959ceb9bbce,4248,3480
2df3f5e80d5b,3048,2536
fc096d59a676,4248,3480
23c05cf9e8e0,4256,3488
8ef3c27291a4,2992,2801
84d53c9ac288,2994,2948
342fc7ca46ed,3032,3032
203b08d8bdc0,2880,2540
2a8d9af039bd,2832,2320
4b2878eb6f70,2836,2336
2eea37aec116,2840,2762
34f30a40ddc4,3052,3052
b156a40b0ace,2808,2627
e8d4f22b4706,3056,2544
44bdc8377b36,2140,1760
24bf48338950,2836,2336
355d624723cf,4248,3480
107ab0822b8d,2140,1760
84135cf828e7,3480,4240
67aecc8a3015,3048,2536
8b21c22d7503,4248,3480
4d34d6994a24,2836,2336
4afdc30fbb41,2836,2336
11ce8c7f7ccf,3408,2800
d342f75ccb55,2832,2320
f774a9c27944,2836,2336
dab4822590b8,3056,2544
4e30d63e57de,4240,3480
26979950fcc9,3056,2544
b6487d2d56d3,2832,2320
b00bd5d88c87,2832,2320
06f6423be3f9,3032,3032
615950e322f0,2872,2416
30b18db28900,3032,3032
6107ccde78c7,4256,3488
d006270d0fd0,4248,3480
dc5b7d2810ab,3001,2155
6de5c45505ce,2140,1760
a6836ce976a5,2832,2320
d220b3a6c538,4240,3480
d314b386bfb3,4256,3488
321c93d6503f,4240,3480
ded9cb5e9ddd,2836,2336
39d52f244db3,2832,2320
a10ebe4a5522,1270,1280
9db8a85a79c7,2979,2516
c69eb2083f50,3032,2436
4cf91b44af5b,4248,3480
f3bf9f54c610,4240,3480
95a90280bfeb,2733,2280
69522a81a9b6,2630,2446
2881f01cf3f1,1387,1140
578c73ebd02a,4256,3488
4b310bbd3cb1,2846,2330
57faddfc733e,3056,2544
6d36ffbc7864,3052,3052
c04124bd92d8,3032,2520
b69412006842,2846,2330
7aa6a8f834d8,3032,2436
e22bfdc7ade7,4891,4020
729eca7b4c1c,3050,2539
4df6cc0a6472,3408,2800
04aac8fba348,3012,3052
08d165dbcbde,3408,2800
dd884073735f,2802,2801
a1b228f183e6,3408,2800
d85dfac211f4,4256,3488
909bac354969,3079,2392
6a00337d651e,2904,2894
d7d3e4f7c2a1,3056,2544
01e604f3bb53,3050,2539
5e2314581f5d,3052,3052
19688420ee92,2992,2801
